{"type":"FeatureCollection","features":[{"type":"Feature","properties":{"nr":1,"name":"Salzwedel"},"geometry":{"type":"MultiPolygon","coordinates":[[[[10.97689,52.62407],[10.96477,52.62595],[10.94554,52.62021],[10.94378,52.61506],[10.92715,52.60917],[10.92046,52.61],[10.92528,52.61481],[10.91713,52.61693],[10.91354,52.62383],[10.90503,52.62688],[10.89705,52.64311],[10.88351,52.65122],[10.87897,52.65596],[10.87789,52.66363],[10.86648,52.67206],[10.86013,52.67417],[10.858,52.67795],[10.84808,52.68573],[10.84616,52.69032],[10.844,52.69049],[10.83362,52.70001],[10.83319,52.70332],[10.83666,52.70721],[10.82943,52.71649],[10.82392,52.71787],[10.80317,52.71363],[10.79686,52.71402],[10.79334,52.7294],[10.78815,52.73334],[10.79143,52.74833],[10.78747,52.75305],[10.77624,52.75447],[10.77505,52.7632],[10.76955,52.76889],[10.76794,52.76854],[10.75537,52.78429],[10.76201,52.80239],[10.75714,52.81984],[10.76502,52.82378],[10.76726,52.82745],[10.76392,52.83019],[10.77183,52.83389],[10.76474,52.84202],[10.79641,52.8437],[10.80037,52.85037],[10.82558,52.8472],[10.83515,52.84745],[10.84151,52.85221],[10.84776,52.8514],[10.85271,52.85292],[10.86043,52.85162],[10.85921,52.85341],[10.86606,52.85575],[10.87422,52.85269],[10.87696,52.84773],[10.88479,52.84581],[10.89075,52.84585],[10.89544,52.85555],[10.89749,52.85617],[10.89944,52.85478],[10.91014,52.85463],[10.91456,52.85276],[10.92559,52.85381],[10.94002,52.85276],[10.95547,52.86497],[10.95777,52.86959],[10.96777,52.87536],[10.96782,52.87934],[10.97394,52.8773],[10.9761,52.87867],[10.97937,52.87827],[10.98536,52.88174],[10.98976,52.88758],[10.98904,52.89938],[10.99352,52.9038],[10.99257,52.90648],[11.00093,52.91143],[11.00755,52.91154],[11.01297,52.9096],[11.02793,52.91206],[11.0351,52.91144],[11.03957,52.91341],[11.06729,52.90934],[11.07916,52.913],[11.0987,52.91264],[11.09338,52.89959],[11.11157,52.8955],[11.13755,52.8978],[11.15442,52.90182],[11.15521,52.9063],[11.18621,52.90069],[11.22055,52.89766],[11.21933,52.89259],[11.23071,52.8914],[11.23544,52.88878],[11.23775,52.88042],[11.2435,52.87866],[11.26723,52.8801],[11.27088,52.88152],[11.2764,52.88746],[11.28607,52.88878],[11.28878,52.88784],[11.29092,52.88898],[11.29433,52.88712],[11.29306,52.87901],[11.29526,52.8747],[11.31427,52.87839],[11.33692,52.88653],[11.33719,52.88836],[11.34796,52.88847],[11.35468,52.89027],[11.36318,52.89446],[11.36343,52.89605],[11.36967,52.8972],[11.37472,52.90015],[11.38635,52.9023],[11.38479,52.90376],[11.39359,52.90174],[11.40719,52.90401],[11.42412,52.91694],[11.42587,52.92008],[11.43282,52.91969],[11.45453,52.93342],[11.4702,52.93897],[11.49154,52.94165],[11.5051,52.94105],[11.51761,52.92814],[11.51914,52.93092],[11.53389,52.92504],[11.55027,52.9216],[11.55762,52.92769],[11.543,52.93533],[11.54729,52.93709],[11.55245,52.93482],[11.56036,52.93603],[11.55986,52.93332],[11.56832,52.93003],[11.57136,52.92217],[11.57651,52.91663],[11.5937,52.90906],[11.60148,52.9028],[11.60725,52.90091],[11.62226,52.90224],[11.63753,52.89795],[11.6277,52.8889],[11.62939,52.88638],[11.62625,52.88641],[11.62465,52.88463],[11.61832,52.88487],[11.61236,52.88208],[11.62416,52.87751],[11.62759,52.8736],[11.63212,52.86087],[11.631,52.85853],[11.62589,52.85609],[11.60707,52.85479],[11.59198,52.85641],[11.58379,52.85333],[11.57726,52.8529],[11.57167,52.84797],[11.54334,52.85257],[11.53502,52.85262],[11.52702,52.84192],[11.51603,52.84063],[11.46935,52.84167],[11.46948,52.83767],[11.47452,52.83266],[11.47587,52.82692],[11.47855,52.82568],[11.47844,52.81631],[11.48122,52.81447],[11.50324,52.8129],[11.53038,52.81484],[11.5404,52.79849],[11.52966,52.79567],[11.51427,52.78708],[11.50465,52.78589],[11.50619,52.7815],[11.50857,52.78088],[11.50661,52.77385],[11.50017,52.77447],[11.49363,52.77738],[11.4595,52.77287],[11.45506,52.77433],[11.44047,52.77373],[11.43105,52.7753],[11.42193,52.77197],[11.42962,52.76602],[11.4279,52.76451],[11.39726,52.7451],[11.37596,52.7356],[11.36208,52.74471],[11.34471,52.74802],[11.33467,52.76607],[11.33383,52.77151],[11.33058,52.77179],[11.33026,52.76864],[11.31464,52.76799],[11.29803,52.77199],[11.29737,52.7698],[11.28454,52.77067],[11.28214,52.76371],[11.27814,52.76048],[11.25917,52.76619],[11.24502,52.76765],[11.24553,52.76512],[11.24087,52.76446],[11.23864,52.76177],[11.2378,52.74804],[11.25806,52.74859],[11.26998,52.75358],[11.26987,52.75237],[11.27395,52.75187],[11.2761,52.74877],[11.27188,52.73154],[11.2727,52.72335],[11.23991,52.72084],[11.24002,52.71058],[11.23544,52.69716],[11.22859,52.69598],[11.21314,52.69728],[11.20637,52.68625],[11.18166,52.6871],[11.17119,52.69213],[11.17256,52.6954],[11.16714,52.69578],[11.16297,52.67964],[11.14748,52.67272],[11.14584,52.67021],[11.14962,52.66037],[11.1425,52.65998],[11.14158,52.66395],[11.13681,52.66392],[11.13692,52.66244],[11.1245,52.66256],[11.1228,52.65971],[11.12855,52.65807],[11.13269,52.65478],[11.15031,52.65487],[11.14111,52.64806],[11.12773,52.65037],[11.12126,52.65295],[11.11647,52.64669],[11.09905,52.65041],[11.09274,52.65359],[11.09473,52.66144],[11.09149,52.6665],[11.08873,52.66975],[11.08204,52.6718],[11.07744,52.66444],[11.08062,52.66038],[11.07253,52.65271],[11.07001,52.65205],[11.07073,52.66264],[11.06268,52.65916],[11.04743,52.65911],[11.04781,52.65603],[11.03801,52.65256],[11.03716,52.64877],[11.02566,52.64922],[11.02411,52.64097],[11.03265,52.63813],[11.03425,52.6298],[11.03134,52.62555],[11.0108,52.62039],[11.00309,52.62286],[11.00296,52.62691],[10.99377,52.62891],[10.97689,52.62407]]]]}},{"type":"Feature","properties":{"nr":2,"name":"Gardelegen-Klötze"},"geometry":{"type":"MultiPolygon","coordinates":[[[[11.05624,52.25876],[11.05069,52.2646],[11.05321,52.26649],[11.04241,52.27217],[11.03631,52.27228],[11.02884,52.27018],[11.02261,52.27979],[11.01163,52.28805],[11.01181,52.2907],[11.02229,52.29681],[11.03201,52.29881],[11.03772,52.30197],[11.03539,52.30399],[11.03746,52.30623],[11.03603,52.31026],[11.03313,52.3097],[11.03261,52.3121],[11.02015,52.31922],[11.01233,52.32596],[11.01257,52.32796],[11.00917,52.32819],[11.00875,52.32678],[11.00569,52.32899],[11.0011,52.32745],[10.99984,52.32984],[11.00477,52.33073],[11.00183,52.3363],[10.99422,52.33661],[10.98793,52.33497],[10.9835,52.34172],[10.99215,52.34434],[10.99401,52.342],[10.99613,52.34208],[11.00286,52.34513],[11.00469,52.3438],[11.00703,52.34577],[11.02305,52.34736],[11.0237,52.34433],[11.03029,52.34575],[11.03282,52.3441],[11.0369,52.34404],[11.04032,52.34723],[11.04412,52.34709],[11.04401,52.34934],[11.05439,52.34906],[11.05822,52.35048],[11.06163,52.35757],[11.06367,52.35424],[11.06873,52.35539],[11.06698,52.36982],[11.0747,52.37279],[11.07397,52.37446],[11.06904,52.37442],[11.06893,52.37651],[11.06578,52.37348],[11.06356,52.37495],[11.06514,52.3769],[11.05973,52.3811],[11.05453,52.38139],[11.04694,52.38785],[11.03904,52.38889],[11.0419,52.38627],[11.03619,52.38524],[11.03418,52.38865],[11.0258,52.39062],[11.02189,52.39346],[11.01837,52.3884],[11.01501,52.38784],[11.01904,52.39211],[11.01652,52.39483],[11.01864,52.39715],[11.0083,52.40456],[11.00461,52.40948],[10.99188,52.41346],[10.99472,52.41507],[10.98645,52.42263],[10.97291,52.43072],[10.96168,52.43516],[10.95657,52.44464],[10.94883,52.44905],[10.94783,52.45384],[10.93368,52.46036],[10.93452,52.47645],[10.94153,52.47637],[10.94334,52.47939],[10.94156,52.48391],[10.94425,52.48664],[10.94342,52.49233],[10.94966,52.49589],[10.95949,52.49671],[10.97521,52.50129],[10.98187,52.49702],[11.00898,52.49654],[10.95828,52.53448],[10.94645,52.54729],[10.94185,52.55359],[10.94288,52.56056],[10.93727,52.56751],[10.94162,52.57119],[10.94004,52.57577],[10.9418,52.57974],[10.94752,52.58245],[10.93976,52.58956],[10.95417,52.59338],[10.95954,52.59983],[10.97175,52.60331],[10.97567,52.6068],[10.9743,52.60972],[10.97649,52.61266],[10.97694,52.62406],[10.99377,52.62891],[11.00296,52.62691],[11.00309,52.62286],[11.0108,52.62039],[11.03134,52.62555],[11.03425,52.6298],[11.03265,52.63813],[11.02411,52.64097],[11.02566,52.64922],[11.03716,52.64877],[11.03801,52.65256],[11.04781,52.65603],[11.04743,52.65911],[11.06268,52.65916],[11.07073,52.66264],[11.07001,52.65205],[11.07253,52.65271],[11.08062,52.66038],[11.07744,52.66444],[11.08204,52.6718],[11.08873,52.66975],[11.09149,52.6665],[11.09473,52.66144],[11.09274,52.65359],[11.09905,52.65041],[11.11647,52.64669],[11.12126,52.65295],[11.12773,52.65037],[11.14111,52.64806],[11.15031,52.65487],[11.13269,52.65478],[11.12855,52.65807],[11.1228,52.65971],[11.1245,52.66256],[11.13692,52.66244],[11.13681,52.66392],[11.14158,52.66395],[11.1425,52.65998],[11.14962,52.66037],[11.14584,52.67021],[11.14748,52.67272],[11.16297,52.67964],[11.16714,52.69578],[11.17256,52.6954],[11.17119,52.69213],[11.18166,52.6871],[11.20637,52.68625],[11.21314,52.69728],[11.22859,52.69598],[11.23544,52.69716],[11.24002,52.71058],[11.23991,52.72084],[11.2727,52.72335],[11.27188,52.73154],[11.2761,52.74877],[11.27395,52.75187],[11.26987,52.75237],[11.26998,52.75358],[11.25806,52.74859],[11.2378,52.74804],[11.23864,52.76177],[11.24087,52.76446],[11.24553,52.76512],[11.24502,52.76765],[11.25917,52.76619],[11.27814,52.76048],[11.28214,52.76371],[11.28454,52.77067],[11.29737,52.7698],[11.29803,52.77199],[11.31464,52.76799],[11.33026,52.76864],[11.33058,52.77179],[11.33383,52.77151],[11.33467,52.76607],[11.34471,52.74802],[11.36208,52.74471],[11.37596,52.7356],[11.39726,52.7451],[11.4279,52.76451],[11.42962,52.76602],[11.42193,52.77197],[11.43105,52.7753],[11.44047,52.77373],[11.45506,52.77433],[11.4595,52.77287],[11.49363,52.77738],[11.50017,52.77447],[11.50661,52.77385],[11.51079,52.769],[11.52117,52.77101],[11.53371,52.77014],[11.54233,52.7729],[11.55383,52.76742],[11.56272,52.76665],[11.56263,52.76417],[11.55455,52.75624],[11.54344,52.75185],[11.53988,52.74844],[11.52812,52.74678],[11.52853,52.74549],[11.52275,52.74243],[11.52145,52.73763],[11.52396,52.73464],[11.52142,52.73388],[11.52057,52.72522],[11.52358,52.72089],[11.52177,52.71636],[11.52339,52.71214],[11.51691,52.70333],[11.48534,52.68767],[11.48314,52.69094],[11.47399,52.68735],[11.47841,52.6808],[11.47341,52.67434],[11.47445,52.67245],[11.48083,52.67173],[11.48296,52.66952],[11.49091,52.65193],[11.4795,52.65122],[11.46171,52.64306],[11.45472,52.64453],[11.45699,52.63901],[11.45447,52.63839],[11.42168,52.63708],[11.42451,52.64197],[11.42105,52.64149],[11.41644,52.6368],[11.41034,52.63854],[11.41643,52.63679],[11.41528,52.63476],[11.40442,52.62906],[11.39691,52.62249],[11.39834,52.61992],[11.41647,52.61837],[11.41458,52.6164],[11.4207,52.61079],[11.43893,52.61089],[11.44013,52.6155],[11.43997,52.61242],[11.45236,52.61138],[11.45094,52.60699],[11.45734,52.60499],[11.46054,52.6067],[11.46458,52.60459],[11.46814,52.60512],[11.47116,52.60918],[11.48642,52.6069],[11.48707,52.60212],[11.49319,52.60348],[11.49246,52.60738],[11.50681,52.60802],[11.50979,52.61081],[11.51624,52.6118],[11.52288,52.61581],[11.53284,52.61515],[11.53829,52.61738],[11.56423,52.61374],[11.58898,52.61676],[11.58883,52.60556],[11.59104,52.60582],[11.59121,52.6036],[11.58775,52.60387],[11.5872,52.60269],[11.5903,52.60058],[11.58806,52.60131],[11.58757,52.59915],[11.58485,52.59896],[11.58068,52.60219],[11.57954,52.60144],[11.58066,52.59839],[11.58708,52.59401],[11.58666,52.59142],[11.57976,52.59185],[11.57734,52.5894],[11.57821,52.58677],[11.58924,52.58506],[11.58152,52.56845],[11.57887,52.55617],[11.57126,52.54723],[11.57438,52.53434],[11.56869,52.52544],[11.57599,52.52148],[11.59122,52.52012],[11.58638,52.49701],[11.59067,52.48786],[11.60532,52.49373],[11.56282,52.41025],[11.44657,52.38672],[11.4434,52.39986],[11.45492,52.40077],[11.45135,52.40791],[11.40535,52.42537],[11.3889,52.42193],[11.38208,52.43064],[11.37373,52.4298],[11.35484,52.42481],[11.35118,52.42752],[11.34854,52.42257],[11.34428,52.42379],[11.34512,52.42595],[11.33936,52.42788],[11.33681,52.4245],[11.32155,52.42456],[11.32157,52.43074],[11.30999,52.44035],[11.29475,52.43827],[11.28575,52.43358],[11.28454,52.43018],[11.27595,52.43015],[11.27419,52.43302],[11.2694,52.43078],[11.26456,52.43233],[11.26274,52.43089],[11.26145,52.43291],[11.24368,52.4374],[11.23253,52.43638],[11.23231,52.43485],[11.20985,52.43824],[11.15644,52.43397],[11.15684,52.43239],[11.16696,52.43287],[11.16774,52.42503],[11.17206,52.42485],[11.175,52.42042],[11.17981,52.42238],[11.18302,52.41921],[11.18703,52.41963],[11.18933,52.41509],[11.19602,52.41592],[11.197,52.40787],[11.20304,52.4072],[11.2027,52.40461],[11.19902,52.40485],[11.1993,52.40316],[11.19596,52.40266],[11.19695,52.40008],[11.19172,52.39925],[11.19046,52.39492],[11.19566,52.39497],[11.19576,52.39286],[11.19095,52.39248],[11.19048,52.39076],[11.18507,52.39138],[11.18727,52.38567],[11.17532,52.3858],[11.18232,52.37774],[11.17613,52.37094],[11.17151,52.37106],[11.17164,52.36848],[11.16779,52.36812],[11.16835,52.37033],[11.1601,52.36869],[11.13899,52.35806],[11.13413,52.3591],[11.12888,52.36307],[11.12397,52.35882],[11.12611,52.35574],[11.1341,52.35337],[11.13884,52.34548],[11.13603,52.34471],[11.13789,52.34199],[11.13555,52.33863],[11.12693,52.33835],[11.12728,52.33582],[11.12768,52.3344],[11.13378,52.33592],[11.13812,52.329],[11.13783,52.32734],[11.13434,52.32734],[11.13434,52.31593],[11.13102,52.31515],[11.13592,52.30892],[11.1323,52.30827],[11.13601,52.30824],[11.13852,52.30275],[11.1473,52.30433],[11.15474,52.30374],[11.15479,52.30244],[11.16957,52.29756],[11.1809,52.28213],[11.18312,52.27587],[11.18196,52.27242],[11.18406,52.27065],[11.16965,52.27116],[11.16406,52.26866],[11.15738,52.26847],[11.14572,52.27086],[11.14649,52.27406],[11.13441,52.2712],[11.11735,52.27508],[11.11662,52.27351],[11.10743,52.2705],[11.10482,52.26182],[11.10151,52.2618],[11.09994,52.26003],[11.10227,52.25401],[11.09876,52.25276],[11.09655,52.25458],[11.08733,52.25174],[11.0797,52.25148],[11.07945,52.25956],[11.07613,52.26016],[11.06461,52.25702],[11.05974,52.26191],[11.05624,52.25876]]]]}},{"type":"Feature","properties":{"nr":3,"name":"Havelberg-Osterburg"},"geometry":{"type":"MultiPolygon","coordinates":[[[[11.97616,52.63058],[11.96877,52.63037],[11.95744,52.63286],[11.94225,52.63385],[11.93351,52.63119],[11.92441,52.62527],[11.92278,52.6279],[11.90104,52.63794],[11.89494,52.63848],[11.88038,52.63201],[11.8694,52.63467],[11.86533,52.64197],[11.89129,52.64669],[11.90334,52.64633],[11.90945,52.64758],[11.90914,52.6773],[11.89973,52.67656],[11.89888,52.67126],[11.89032,52.66886],[11.86832,52.65432],[11.86592,52.65026],[11.86813,52.64877],[11.8621,52.64641],[11.85427,52.65594],[11.84074,52.66371],[11.84197,52.66847],[11.83763,52.67905],[11.84414,52.68448],[11.84593,52.69203],[11.83727,52.69067],[11.8361,52.69325],[11.83109,52.69441],[11.81592,52.69432],[11.81237,52.69864],[11.80075,52.69792],[11.77076,52.7008],[11.76534,52.68983],[11.76933,52.68126],[11.76128,52.67508],[11.75739,52.67794],[11.73676,52.68575],[11.73238,52.68613],[11.71946,52.68334],[11.70383,52.68754],[11.70229,52.68915],[11.69419,52.68917],[11.68789,52.6913],[11.68382,52.68859],[11.6832,52.69118],[11.67701,52.69113],[11.67622,52.69812],[11.68352,52.70156],[11.69519,52.70431],[11.69125,52.71041],[11.69514,52.71252],[11.69002,52.71424],[11.68947,52.71685],[11.6958,52.72176],[11.68887,52.72244],[11.67682,52.73357],[11.67674,52.74227],[11.67272,52.74099],[11.67327,52.73851],[11.66101,52.73664],[11.65734,52.72773],[11.65893,52.72116],[11.64657,52.71989],[11.64586,52.7184],[11.64073,52.71897],[11.63552,52.72253],[11.63714,52.72586],[11.63558,52.72845],[11.62928,52.73031],[11.63397,52.74049],[11.61714,52.73529],[11.60932,52.73466],[11.60448,52.74792],[11.5922,52.74865],[11.59107,52.75102],[11.57154,52.754],[11.57154,52.75756],[11.55761,52.76055],[11.56263,52.76417],[11.56272,52.76665],[11.55383,52.76742],[11.54233,52.7729],[11.53371,52.77014],[11.52117,52.77101],[11.50941,52.76948],[11.50646,52.7724],[11.50857,52.78088],[11.50619,52.7815],[11.50465,52.78589],[11.51427,52.78708],[11.52966,52.79567],[11.5404,52.79849],[11.53038,52.81484],[11.50324,52.8129],[11.48122,52.81447],[11.47844,52.81631],[11.47855,52.82568],[11.47587,52.82692],[11.47452,52.83266],[11.46948,52.83767],[11.46935,52.84167],[11.51603,52.84063],[11.52702,52.84192],[11.53502,52.85262],[11.54334,52.85257],[11.57167,52.84797],[11.57726,52.8529],[11.58379,52.85333],[11.59198,52.85641],[11.60707,52.85479],[11.62589,52.85609],[11.631,52.85853],[11.63212,52.86087],[11.62759,52.8736],[11.62416,52.87751],[11.61236,52.88208],[11.61832,52.88487],[11.62465,52.88463],[11.62625,52.88641],[11.62939,52.88638],[11.6277,52.8889],[11.63753,52.89795],[11.62226,52.90224],[11.60725,52.90091],[11.60148,52.9028],[11.5937,52.90906],[11.57651,52.91663],[11.57136,52.92217],[11.56832,52.93003],[11.55986,52.93332],[11.56036,52.93603],[11.55245,52.93482],[11.54729,52.93709],[11.543,52.93533],[11.55762,52.92769],[11.55027,52.9216],[11.53389,52.92504],[11.51914,52.93092],[11.51761,52.92814],[11.50972,52.93455],[11.49248,52.95983],[11.50195,52.98422],[11.50293,52.99192],[11.51283,53.00726],[11.51864,53.0066],[11.52569,53.00839],[11.53346,53.00306],[11.54257,52.99968],[11.5566,52.9987],[11.5606,53.0039],[11.55222,53.00472],[11.55921,53.01308],[11.56332,53.01272],[11.56737,53.01748],[11.59609,53.03262],[11.5977,53.03585],[11.61853,53.04131],[11.63154,53.04139],[11.6397,53.03849],[11.64185,53.03403],[11.62645,53.02076],[11.625,53.01584],[11.62674,53.01229],[11.63237,53.00832],[11.64129,53.00566],[11.65228,53.00578],[11.66794,53.00977],[11.67688,53.00821],[11.6835,53.00149],[11.68316,52.98702],[11.69008,52.97948],[11.70153,52.97769],[11.73104,52.9884],[11.74298,52.98892],[11.75745,52.98514],[11.76501,52.98141],[11.78374,52.96191],[11.81037,52.95704],[11.82913,52.95721],[11.84547,52.95183],[11.84913,52.94632],[11.84742,52.94087],[11.83237,52.93172],[11.8238,52.92197],[11.82646,52.91457],[11.83426,52.91019],[11.87261,52.90884],[11.87765,52.90649],[11.88738,52.89752],[11.8962,52.89357],[11.91266,52.89193],[11.93056,52.89205],[11.94948,52.88739],[11.95936,52.87993],[11.96076,52.88137],[11.98107,52.87611],[11.98774,52.87724],[11.99106,52.88141],[12.0052,52.88162],[12.00592,52.88724],[12.01857,52.88833],[12.02205,52.8904],[12.02872,52.88816],[12.04437,52.88932],[12.04915,52.88583],[12.05364,52.88865],[12.06116,52.88817],[12.06743,52.88607],[12.06622,52.8837],[12.07622,52.88644],[12.08166,52.88211],[12.08217,52.87706],[12.09755,52.87759],[12.1127,52.87571],[12.11456,52.8821],[12.12542,52.89455],[12.12921,52.89371],[12.12687,52.89021],[12.12483,52.89063],[12.12262,52.8885],[12.12029,52.87555],[12.13316,52.86577],[12.12373,52.8538],[12.12631,52.85302],[12.13457,52.85626],[12.17269,52.86474],[12.18562,52.8712],[12.19283,52.87747],[12.19702,52.87796],[12.19952,52.87149],[12.20283,52.86798],[12.208,52.86694],[12.20988,52.8622],[12.21453,52.86188],[12.21679,52.86608],[12.22297,52.86512],[12.2328,52.86038],[12.23429,52.85766],[12.23154,52.85176],[12.23881,52.84443],[12.23726,52.8392],[12.24417,52.81995],[12.25757,52.80487],[12.25232,52.80369],[12.25576,52.79856],[12.2478,52.7964],[12.24966,52.79235],[12.24393,52.78643],[12.23562,52.78757],[12.23074,52.7898],[12.22019,52.78986],[12.22362,52.78627],[12.22349,52.77579],[12.22072,52.77367],[12.21662,52.77456],[12.21311,52.7735],[12.21184,52.76609],[12.21531,52.76364],[12.20856,52.76352],[12.20583,52.7607],[12.20933,52.75288],[12.21914,52.75067],[12.22101,52.74456],[12.21735,52.74376],[12.22252,52.73985],[12.21982,52.73626],[12.20965,52.73514],[12.20689,52.73057],[12.20115,52.72902],[12.20612,52.7265],[12.2029,52.72586],[12.20353,52.72448],[12.20604,52.72506],[12.19743,52.71877],[12.19929,52.71722],[12.20452,52.71973],[12.21031,52.71733],[12.21052,52.71551],[12.20524,52.71403],[12.20497,52.71252],[12.21072,52.70872],[12.2166,52.70868],[12.22426,52.703],[12.21735,52.69978],[12.22097,52.68974],[12.22282,52.68816],[12.23092,52.68964],[12.23259,52.68872],[12.22671,52.68348],[12.22823,52.68162],[12.23521,52.68022],[12.23547,52.6762],[12.23932,52.67133],[12.23902,52.6659],[12.23529,52.66581],[12.2346,52.66439],[12.238,52.66254],[12.23369,52.65965],[12.23558,52.65438],[12.2327,52.65373],[12.23791,52.64545],[12.23641,52.64097],[12.23115,52.63998],[12.23116,52.62992],[12.23682,52.63004],[12.23671,52.62872],[12.21265,52.62503],[12.20718,52.62269],[12.20337,52.61853],[12.18825,52.62079],[12.17217,52.62576],[12.16983,52.62182],[12.16888,52.61653],[12.17582,52.61766],[12.17019,52.60956],[12.17018,52.60749],[12.17648,52.60642],[12.17335,52.59856],[12.17376,52.58154],[12.17681,52.57655],[12.18128,52.57525],[12.15986,52.56148],[12.14969,52.54066],[12.14345,52.53686],[12.14503,52.53323],[12.14223,52.5284],[12.14533,52.5297],[12.15452,52.5298],[12.1584,52.53445],[12.17388,52.5388],[12.17967,52.53368],[12.18888,52.53232],[12.18523,52.52686],[12.17785,52.52371],[12.17372,52.51874],[12.16719,52.51491],[12.17137,52.50609],[12.16243,52.50075],[12.15247,52.50341],[12.15064,52.5057],[12.14518,52.50732],[12.14152,52.51375],[12.13715,52.50801],[12.11278,52.5064],[12.10954,52.50731],[12.10312,52.51157],[12.10331,52.52492],[12.08848,52.53374],[12.08107,52.53483],[12.07736,52.53999],[12.06294,52.53506],[12.06029,52.53102],[12.05043,52.52467],[12.04795,52.52714],[12.03732,52.52316],[12.02043,52.52474],[12.01219,52.52298],[12.00898,52.52021],[11.99359,52.51826],[11.99122,52.51907],[11.99359,52.52536],[11.98717,52.53197],[11.98772,52.53557],[11.99282,52.53643],[11.99216,52.54301],[11.9994,52.54594],[11.99635,52.55372],[11.99805,52.55987],[11.99457,52.56429],[11.99587,52.56913],[11.99892,52.57097],[11.98786,52.57483],[12.00046,52.59166],[12.00732,52.61596],[12.01073,52.6172],[12.0154,52.62357],[12.01336,52.63736],[12.01496,52.64366],[11.98268,52.64455],[11.97616,52.63058]]]]}},{"type":"Feature","properties":{"nr":4,"name":"Stendal"},"geometry":{"type":"MultiPolygon","coordinates":[[[[11.55761,52.76055],[11.57154,52.75756],[11.57154,52.754],[11.59107,52.75102],[11.5922,52.74865],[11.60448,52.74792],[11.60932,52.73466],[11.61714,52.73529],[11.63397,52.74049],[11.62928,52.73031],[11.63558,52.72845],[11.63714,52.72586],[11.63552,52.72253],[11.64073,52.71897],[11.64586,52.7184],[11.64657,52.71989],[11.65893,52.72116],[11.65734,52.72773],[11.66101,52.73664],[11.67327,52.73851],[11.67272,52.74099],[11.67674,52.74227],[11.67682,52.73357],[11.68887,52.72244],[11.6958,52.72176],[11.68947,52.71685],[11.69002,52.71424],[11.69514,52.71252],[11.69125,52.71041],[11.69519,52.70431],[11.68352,52.70156],[11.67622,52.69812],[11.67701,52.69113],[11.6832,52.69118],[11.68382,52.68859],[11.68789,52.6913],[11.69419,52.68917],[11.70229,52.68915],[11.70383,52.68754],[11.71946,52.68334],[11.73238,52.68613],[11.73676,52.68575],[11.75739,52.67794],[11.76128,52.67508],[11.76933,52.68126],[11.76534,52.68983],[11.77076,52.7008],[11.80075,52.69792],[11.81237,52.69864],[11.81592,52.69432],[11.83109,52.69441],[11.8361,52.69325],[11.83727,52.69067],[11.84593,52.69203],[11.84414,52.68448],[11.83763,52.67905],[11.84197,52.66847],[11.84074,52.66371],[11.85427,52.65594],[11.8621,52.64641],[11.86813,52.64877],[11.86592,52.65026],[11.86832,52.65432],[11.89032,52.66886],[11.89888,52.67126],[11.89973,52.67656],[11.90914,52.6773],[11.90945,52.64758],[11.90334,52.64633],[11.89129,52.64669],[11.86533,52.64197],[11.8694,52.63467],[11.88038,52.63201],[11.89494,52.63848],[11.90104,52.63794],[11.92278,52.6279],[11.92441,52.62527],[11.93351,52.63119],[11.94225,52.63385],[11.95744,52.63286],[11.96877,52.63037],[11.97409,52.63078],[11.97201,52.62321],[11.97627,52.62167],[11.97444,52.62146],[11.97449,52.61946],[11.97128,52.61911],[11.97479,52.61794],[11.97638,52.61965],[11.9792,52.6186],[11.97769,52.61366],[11.9742,52.61471],[11.97502,52.60278],[11.9657,52.59262],[11.96164,52.59039],[11.94807,52.59656],[11.93755,52.60448],[11.92337,52.5775],[11.91377,52.58028],[11.89324,52.56156],[11.90776,52.5587],[11.9171,52.55509],[11.9215,52.53772],[11.90933,52.53429],[11.90225,52.53542],[11.88922,52.53393],[11.88954,52.53008],[11.86365,52.53059],[11.84317,52.5283],[11.84395,52.52596],[11.8414,52.52559],[11.84155,52.53321],[11.83598,52.53261],[11.83572,52.53375],[11.82349,52.53068],[11.81866,52.5309],[11.81474,52.52831],[11.80725,52.52771],[11.80821,52.52469],[11.79332,52.51911],[11.77701,52.52258],[11.76355,52.52763],[11.76445,52.52995],[11.75992,52.53062],[11.76119,52.53613],[11.74296,52.53751],[11.74154,52.53943],[11.71679,52.54337],[11.71368,52.53933],[11.6978,52.52793],[11.69569,52.52857],[11.69472,52.52656],[11.69933,52.52565],[11.69859,52.52477],[11.67814,52.52917],[11.67133,52.524],[11.662,52.52015],[11.65931,52.51356],[11.64165,52.4981],[11.61582,52.48478],[11.60535,52.49373],[11.59067,52.48786],[11.58638,52.49701],[11.59122,52.52012],[11.57599,52.52148],[11.56869,52.52544],[11.57438,52.53434],[11.57126,52.54723],[11.57887,52.55617],[11.58152,52.56845],[11.58924,52.58506],[11.57821,52.58677],[11.57734,52.5894],[11.57976,52.59185],[11.58666,52.59142],[11.58708,52.59401],[11.58066,52.59839],[11.57954,52.60144],[11.58068,52.60219],[11.58485,52.59896],[11.58757,52.59915],[11.58806,52.60131],[11.5903,52.60058],[11.5872,52.60269],[11.58775,52.60387],[11.59121,52.6036],[11.59104,52.60582],[11.58883,52.60556],[11.58898,52.61676],[11.56423,52.61374],[11.53829,52.61738],[11.53284,52.61515],[11.52288,52.61581],[11.51624,52.6118],[11.50979,52.61081],[11.50681,52.60802],[11.49246,52.60738],[11.49319,52.60348],[11.48707,52.60212],[11.48642,52.6069],[11.47116,52.60918],[11.46814,52.60512],[11.46458,52.60459],[11.46054,52.6067],[11.45734,52.60499],[11.45094,52.60699],[11.45236,52.61138],[11.43997,52.61242],[11.44013,52.6155],[11.43893,52.61089],[11.4207,52.61079],[11.41458,52.6164],[11.41647,52.61837],[11.39834,52.61992],[11.39691,52.62249],[11.40442,52.62906],[11.41528,52.63476],[11.41643,52.63679],[11.41034,52.63854],[11.41644,52.6368],[11.42105,52.64149],[11.42451,52.64197],[11.42168,52.63708],[11.45447,52.63839],[11.45699,52.63901],[11.45472,52.64453],[11.46171,52.64306],[11.4795,52.65122],[11.49091,52.65193],[11.48296,52.66952],[11.48083,52.67173],[11.47445,52.67245],[11.47341,52.67434],[11.47841,52.6808],[11.47399,52.68735],[11.48314,52.69094],[11.48534,52.68767],[11.51691,52.70333],[11.52339,52.71214],[11.52177,52.71636],[11.52358,52.72089],[11.52057,52.72522],[11.52142,52.73388],[11.52396,52.73464],[11.52145,52.73763],[11.52275,52.74243],[11.52853,52.74549],[11.52846,52.74691],[11.53988,52.74844],[11.54344,52.75185],[11.55455,52.75624],[11.55761,52.76055]]]]}},{"type":"Feature","properties":{"nr":5,"name":"Genthin"},"geometry":{"type":"MultiPolygon","coordinates":[[[[12.17137,52.50609],[12.18458,52.49571],[12.18948,52.49883],[12.19661,52.49908],[12.20084,52.49721],[12.20522,52.49813],[12.21155,52.50314],[12.21727,52.49964],[12.2217,52.50033],[12.2278,52.50602],[12.22353,52.51133],[12.23131,52.51578],[12.2328,52.51936],[12.23108,52.52192],[12.23593,52.52398],[12.24545,52.52134],[12.24692,52.51873],[12.25379,52.51944],[12.2579,52.51825],[12.25947,52.50434],[12.27006,52.50096],[12.26208,52.49522],[12.2699,52.49364],[12.27174,52.4875],[12.27971,52.48768],[12.2855,52.49258],[12.2941,52.49232],[12.29736,52.49611],[12.31017,52.49073],[12.32062,52.49555],[12.33051,52.49627],[12.32741,52.49137],[12.3246,52.49237],[12.31639,52.49117],[12.30944,52.48636],[12.30898,52.47883],[12.31261,52.47817],[12.31638,52.4751],[12.3237,52.4765],[12.32778,52.47954],[12.33066,52.47849],[12.32487,52.47188],[12.32488,52.46408],[12.31386,52.46004],[12.31731,52.45634],[12.31666,52.45261],[12.30432,52.45086],[12.30488,52.44773],[12.30262,52.44568],[12.30769,52.44449],[12.30239,52.43889],[12.3026,52.43441],[12.28921,52.43072],[12.29754,52.424],[12.27464,52.41572],[12.27577,52.41193],[12.29198,52.40762],[12.29927,52.40914],[12.3025,52.40484],[12.30347,52.39743],[12.29613,52.39289],[12.29178,52.38598],[12.2946,52.38112],[12.30665,52.37769],[12.30069,52.37102],[12.28599,52.36878],[12.28374,52.36422],[12.29826,52.35325],[12.29775,52.35092],[12.30821,52.34468],[12.29005,52.32317],[12.28442,52.32149],[12.2812,52.31819],[12.27336,52.30468],[12.26291,52.29513],[12.25195,52.2754],[12.25102,52.26422],[12.25466,52.26188],[12.24773,52.25539],[12.24527,52.24988],[12.25621,52.24898],[12.25428,52.24782],[12.2622,52.24674],[12.25788,52.24328],[12.25392,52.24431],[12.25148,52.24314],[12.24612,52.23696],[12.24679,52.23516],[12.24331,52.23506],[12.24435,52.23245],[12.23648,52.23292],[12.23533,52.23223],[12.23815,52.23017],[12.2309,52.23137],[12.22799,52.22944],[12.2254,52.22672],[12.22767,52.2251],[12.22758,52.22141],[12.21728,52.22409],[12.21866,52.22801],[12.20255,52.23046],[12.20189,52.23693],[12.19967,52.23702],[12.19997,52.23838],[12.20362,52.23902],[12.21852,52.23767],[12.22239,52.24496],[12.21156,52.24394],[12.2128,52.24153],[12.2021,52.24165],[12.19607,52.2445],[12.18694,52.25634],[12.17677,52.25562],[12.17728,52.26051],[12.1819,52.26268],[12.17537,52.26847],[12.16417,52.25446],[12.15661,52.2539],[12.15659,52.25063],[12.15365,52.25025],[12.15508,52.24888],[12.15048,52.24745],[12.14471,52.24596],[12.13858,52.24717],[12.13311,52.24595],[12.12964,52.24386],[12.12428,52.24338],[12.12258,52.24077],[12.10729,52.24446],[12.09062,52.24461],[12.0908,52.24985],[12.08851,52.25063],[12.0883,52.25376],[12.09171,52.25362],[12.10574,52.26342],[12.11048,52.27008],[12.1139,52.27161],[12.11499,52.27529],[12.12051,52.27461],[12.12198,52.27712],[12.11944,52.2791],[12.10441,52.27902],[12.09771,52.28131],[12.09222,52.2789],[12.08699,52.27835],[12.08338,52.27952],[12.08116,52.2854],[12.07907,52.28561],[12.0813,52.28791],[12.07774,52.28836],[12.07986,52.2915],[12.07499,52.29471],[12.07835,52.29678],[12.07706,52.30464],[12.0687,52.30656],[12.06352,52.29975],[12.05672,52.30048],[12.04849,52.30423],[12.03514,52.30307],[12.02726,52.30477],[12.02339,52.30401],[12.0201,52.29546],[11.99304,52.29525],[11.98392,52.29229],[11.97604,52.29407],[11.97622,52.30928],[11.97343,52.31158],[11.97383,52.31373],[11.95611,52.3142],[11.9441,52.31828],[11.94857,52.32756],[11.96796,52.3319],[11.96453,52.33408],[11.95794,52.3326],[11.94693,52.33349],[11.94863,52.33723],[11.94113,52.34106],[11.93851,52.34648],[11.92498,52.35793],[11.92714,52.35903],[11.91927,52.3649],[11.91585,52.37218],[11.90921,52.36866],[11.9055,52.35846],[11.90108,52.35439],[11.85167,52.33165],[11.84737,52.33741],[11.84499,52.34583],[11.85721,52.34733],[11.85453,52.35603],[11.84318,52.35473],[11.83095,52.36298],[11.82796,52.37217],[11.81797,52.37244],[11.83437,52.38146],[11.83508,52.38937],[11.8405,52.40123],[11.81687,52.41505],[11.81458,52.41329],[11.80938,52.41356],[11.80189,52.41067],[11.78975,52.41516],[11.79443,52.42198],[11.78324,52.41666],[11.7819,52.41719],[11.78623,52.41939],[11.78181,52.4211],[11.77328,52.41821],[11.77417,52.41501],[11.77688,52.41499],[11.77849,52.41294],[11.78205,52.41513],[11.78827,52.41359],[11.7897,52.41135],[11.78367,52.40613],[11.78267,52.4045],[11.78572,52.4021],[11.78227,52.40035],[11.77938,52.40265],[11.77479,52.40016],[11.76759,52.40243],[11.74753,52.40311],[11.7248,52.40785],[11.72259,52.40956],[11.71895,52.40798],[11.71794,52.41045],[11.72185,52.412],[11.7218,52.41421],[11.72659,52.41494],[11.72686,52.41983],[11.72998,52.4205],[11.72953,52.4224],[11.73315,52.42438],[11.72601,52.42959],[11.7167,52.42774],[11.69982,52.45902],[11.69265,52.45899],[11.67283,52.46393],[11.64826,52.46259],[11.63799,52.46479],[11.64286,52.46976],[11.58736,52.45837],[11.60532,52.49373],[11.61582,52.48478],[11.64165,52.4981],[11.65931,52.51356],[11.662,52.52015],[11.67133,52.524],[11.67814,52.52917],[11.69859,52.52477],[11.69933,52.52565],[11.69472,52.52656],[11.69569,52.52857],[11.6978,52.52793],[11.71368,52.53933],[11.71679,52.54337],[11.74154,52.53943],[11.74296,52.53751],[11.76119,52.53613],[11.75992,52.53062],[11.76445,52.52995],[11.76355,52.52763],[11.77701,52.52258],[11.79332,52.51911],[11.80821,52.52469],[11.80725,52.52771],[11.81474,52.52831],[11.81866,52.5309],[11.82349,52.53068],[11.83572,52.53375],[11.83598,52.53261],[11.84155,52.53321],[11.8414,52.52559],[11.84395,52.52596],[11.84317,52.5283],[11.86365,52.53059],[11.88954,52.53008],[11.88922,52.53393],[11.90225,52.53542],[11.90933,52.53429],[11.9215,52.53772],[11.9171,52.55509],[11.90776,52.5587],[11.89324,52.56156],[11.91377,52.58028],[11.92337,52.5775],[11.93755,52.60448],[11.94807,52.59656],[11.96164,52.59039],[11.96894,52.59494],[11.97587,52.60512],[11.9742,52.61471],[11.97769,52.61366],[11.9792,52.6186],[11.97638,52.61965],[11.97479,52.61794],[11.97128,52.61911],[11.97449,52.61946],[11.97444,52.62146],[11.97627,52.62167],[11.97201,52.62321],[11.97409,52.63078],[11.97616,52.63058],[11.98268,52.64455],[12.01496,52.64366],[12.01336,52.63736],[12.0154,52.62357],[12.01073,52.6172],[12.00732,52.61596],[12.00046,52.59166],[11.98786,52.57483],[11.99892,52.57097],[11.99587,52.56913],[11.99457,52.56429],[11.99805,52.55987],[11.99635,52.55372],[11.9994,52.54594],[11.99216,52.54301],[11.99282,52.53643],[11.98772,52.53557],[11.98717,52.53197],[11.99359,52.52536],[11.99122,52.51907],[11.99359,52.51826],[12.00898,52.52021],[12.01219,52.52298],[12.02043,52.52474],[12.03732,52.52316],[12.04795,52.52714],[12.05043,52.52467],[12.06029,52.53102],[12.06294,52.53506],[12.07736,52.53999],[12.08107,52.53483],[12.08848,52.53374],[12.10331,52.52492],[12.10312,52.51157],[12.10954,52.50731],[12.11278,52.5064],[12.13715,52.50801],[12.14152,52.51375],[12.14518,52.50732],[12.15064,52.5057],[12.15247,52.50341],[12.16243,52.50075],[12.17137,52.50609]]]]}},{"type":"Feature","properties":{"nr":6,"name":"Burg"},"geometry":{"type":"MultiPolygon","coordinates":[[[[12.25392,52.24431],[12.27081,52.24191],[12.26783,52.24074],[12.27505,52.23737],[12.26979,52.23598],[12.26281,52.23693],[12.26286,52.23432],[12.27217,52.23543],[12.28294,52.23448],[12.28905,52.2291],[12.29702,52.22877],[12.28214,52.21836],[12.28304,52.21825],[12.28206,52.21675],[12.28173,52.21814],[12.28115,52.21686],[12.26777,52.21448],[12.26021,52.21647],[12.24879,52.21179],[12.2451,52.20735],[12.25367,52.20566],[12.25086,52.20118],[12.24171,52.19413],[12.24807,52.18416],[12.24101,52.18208],[12.22841,52.18604],[12.21789,52.17322],[12.21847,52.171],[12.2159,52.17112],[12.22188,52.166],[12.23402,52.16282],[12.23148,52.15499],[12.24244,52.14104],[12.24763,52.13738],[12.26253,52.13272],[12.26479,52.13073],[12.26867,52.12398],[12.27133,52.11139],[12.27648,52.10391],[12.26779,52.10021],[12.23438,52.10306],[12.21247,52.10221],[12.20555,52.09772],[12.20443,52.08872],[12.1952,52.08701],[12.18462,52.0787],[12.17822,52.07646],[12.15616,52.07461],[12.13375,52.06915],[12.1274,52.06937],[12.11829,52.07199],[12.10796,52.0721],[12.09863,52.07522],[12.07453,52.07578],[12.07541,52.07336],[12.06946,52.06528],[12.06094,52.05836],[12.05542,52.05727],[12.03881,52.06329],[12.03228,52.06814],[12.00654,52.06657],[12.00011,52.06943],[11.99412,52.06879],[11.98992,52.07167],[11.98691,52.0791],[11.9951,52.0777],[11.99913,52.08787],[11.98183,52.09164],[11.96309,52.09338],[11.96069,52.09622],[11.95381,52.09879],[11.93345,52.10063],[11.92064,52.10457],[11.91396,52.10267],[11.8916,52.10571],[11.89682,52.11618],[11.88834,52.12413],[11.86081,52.12421],[11.86063,52.13157],[11.85143,52.13841],[11.8519,52.142],[11.83728,52.14224],[11.83533,52.13816],[11.81723,52.14101],[11.81089,52.14076],[11.81225,52.13662],[11.8007,52.134],[11.80104,52.13204],[11.79542,52.13264],[11.79547,52.13123],[11.79153,52.13],[11.77057,52.12492],[11.76602,52.12865],[11.7596,52.12912],[11.75634,52.12358],[11.74544,52.11467],[11.74071,52.10573],[11.73407,52.10221],[11.72973,52.10432],[11.72568,52.10193],[11.73122,52.09963],[11.72165,52.09967],[11.72129,52.1023],[11.71943,52.10231],[11.72125,52.1039],[11.71932,52.10451],[11.71716,52.11404],[11.71477,52.11463],[11.71601,52.12303],[11.72218,52.13398],[11.72196,52.14008],[11.724,52.14203],[11.71719,52.14606],[11.7094,52.14615],[11.70624,52.14917],[11.70299,52.14839],[11.70605,52.14934],[11.70557,52.15235],[11.70426,52.15189],[11.7059,52.15906],[11.71186,52.15967],[11.70608,52.15983],[11.70743,52.16575],[11.70437,52.16726],[11.70989,52.16738],[11.71206,52.16908],[11.71013,52.17113],[11.69908,52.17413],[11.69687,52.17868],[11.68738,52.18701],[11.69398,52.19336],[11.71148,52.20248],[11.71449,52.20611],[11.71366,52.21133],[11.70538,52.21927],[11.70339,52.21887],[11.7009,52.22506],[11.70131,52.24223],[11.70718,52.24616],[11.72493,52.2505],[11.73352,52.25666],[11.74323,52.26925],[11.75332,52.27654],[11.76327,52.292],[11.76627,52.3099],[11.78663,52.32245],[11.79129,52.32027],[11.79671,52.32346],[11.79621,52.32798],[11.79383,52.32909],[11.79782,52.33245],[11.81091,52.33478],[11.83696,52.32997],[11.85139,52.33153],[11.90108,52.35439],[11.9055,52.35846],[11.90921,52.36866],[11.91585,52.37218],[11.91927,52.3649],[11.92714,52.35903],[11.92498,52.35793],[11.93851,52.34648],[11.94113,52.34106],[11.94863,52.33723],[11.94693,52.33349],[11.95794,52.3326],[11.96453,52.33408],[11.96796,52.3319],[11.94857,52.32756],[11.9441,52.31828],[11.95611,52.3142],[11.97383,52.31373],[11.97343,52.31158],[11.97622,52.30928],[11.97604,52.29407],[11.98392,52.29229],[11.99304,52.29525],[12.0201,52.29546],[12.02339,52.30401],[12.02726,52.30477],[12.03514,52.30307],[12.04849,52.30423],[12.05672,52.30048],[12.06352,52.29975],[12.0687,52.30656],[12.07706,52.30464],[12.07835,52.29678],[12.07499,52.29471],[12.07986,52.2915],[12.07774,52.28836],[12.0813,52.28791],[12.07907,52.28561],[12.08116,52.2854],[12.08338,52.27952],[12.08699,52.27835],[12.09222,52.2789],[12.09771,52.28131],[12.10441,52.27902],[12.11944,52.2791],[12.12198,52.27712],[12.12051,52.27461],[12.11499,52.27529],[12.1139,52.27161],[12.11048,52.27008],[12.10574,52.26342],[12.09171,52.25362],[12.0883,52.25376],[12.08851,52.25063],[12.0908,52.24985],[12.09062,52.24461],[12.10729,52.24446],[12.12258,52.24077],[12.12428,52.24338],[12.12964,52.24386],[12.13311,52.24595],[12.13858,52.24717],[12.14471,52.24596],[12.15048,52.24745],[12.15508,52.24888],[12.15365,52.25025],[12.15659,52.25063],[12.15661,52.2539],[12.16417,52.25446],[12.17537,52.26847],[12.1819,52.26268],[12.17728,52.26051],[12.17677,52.25562],[12.18694,52.25634],[12.19607,52.2445],[12.2021,52.24165],[12.2128,52.24153],[12.21156,52.24394],[12.22239,52.24496],[12.21852,52.23767],[12.19997,52.23838],[12.20255,52.23046],[12.21866,52.22801],[12.21728,52.22409],[12.22758,52.22141],[12.22767,52.2251],[12.2254,52.22672],[12.22799,52.22944],[12.2309,52.23137],[12.23815,52.23017],[12.23533,52.23223],[12.23648,52.23292],[12.24435,52.23245],[12.24331,52.23506],[12.24679,52.23516],[12.24612,52.23696],[12.25148,52.24314],[12.25392,52.24431]]]]}},{"type":"Feature","properties":{"nr":7,"name":"Haldensleben"},"geometry":{"type":"MultiPolygon","coordinates":[[[[10.96471,52.0562],[10.97315,52.07347],[10.97069,52.08609],[10.96725,52.08828],[10.95879,52.08787],[10.94219,52.09389],[10.94002,52.09528],[10.94391,52.09937],[10.94212,52.103],[10.96495,52.10713],[10.97755,52.10582],[10.98592,52.11083],[11.01188,52.12112],[11.01741,52.12823],[11.0265,52.12872],[11.02772,52.13075],[11.03815,52.13417],[11.04414,52.13368],[11.04645,52.1387],[11.04459,52.14363],[11.06057,52.15345],[11.05489,52.16043],[11.06094,52.16472],[11.06044,52.1724],[11.03607,52.17163],[11.01905,52.17828],[11.01423,52.18176],[11.01193,52.18756],[11.01347,52.1995],[11.01777,52.19829],[11.02463,52.20109],[11.02122,52.20501],[11.02835,52.2085],[11.02623,52.21015],[11.03166,52.21222],[11.03733,52.21137],[11.04463,52.21451],[11.04517,52.2164],[11.0752,52.21987],[11.07705,52.22342],[11.08622,52.22862],[11.07962,52.23488],[11.0787,52.2394],[11.07334,52.24322],[11.05871,52.24053],[11.05971,52.24259],[11.05222,52.25356],[11.05624,52.25876],[11.05974,52.26191],[11.06461,52.25702],[11.07613,52.26016],[11.07945,52.25956],[11.0797,52.25148],[11.08733,52.25174],[11.09655,52.25458],[11.09876,52.25276],[11.10227,52.25401],[11.09994,52.26003],[11.10151,52.2618],[11.10482,52.26182],[11.10743,52.2705],[11.11662,52.27351],[11.11735,52.27508],[11.13441,52.2712],[11.14649,52.27406],[11.14572,52.27086],[11.15738,52.26847],[11.16406,52.26866],[11.16965,52.27116],[11.18406,52.27065],[11.18196,52.27242],[11.18312,52.27587],[11.1809,52.28213],[11.16957,52.29756],[11.15479,52.30244],[11.15474,52.30374],[11.1473,52.30433],[11.13852,52.30275],[11.13601,52.30824],[11.1323,52.30827],[11.13592,52.30892],[11.13102,52.31515],[11.13434,52.31593],[11.13434,52.32734],[11.13783,52.32734],[11.13812,52.329],[11.13378,52.33592],[11.12768,52.3344],[11.12728,52.33582],[11.12693,52.33835],[11.13555,52.33863],[11.13789,52.34199],[11.13603,52.34471],[11.13884,52.34548],[11.1341,52.35337],[11.12611,52.35574],[11.12397,52.35882],[11.12888,52.36307],[11.13413,52.3591],[11.13899,52.35806],[11.1601,52.36869],[11.16835,52.37033],[11.16779,52.36812],[11.17164,52.36848],[11.17151,52.37106],[11.17613,52.37094],[11.18232,52.37774],[11.17532,52.3858],[11.18727,52.38567],[11.18507,52.39138],[11.19048,52.39076],[11.19095,52.39248],[11.19576,52.39286],[11.19566,52.39497],[11.19046,52.39492],[11.19172,52.39925],[11.19695,52.40008],[11.19596,52.40266],[11.1993,52.40316],[11.19902,52.40485],[11.2027,52.40461],[11.20304,52.4072],[11.197,52.40787],[11.19602,52.41592],[11.18933,52.41509],[11.18703,52.41963],[11.18302,52.41921],[11.17981,52.42238],[11.175,52.42042],[11.17206,52.42485],[11.16774,52.42503],[11.16696,52.43287],[11.15684,52.43239],[11.15644,52.43397],[11.20985,52.43824],[11.23231,52.43485],[11.23253,52.43638],[11.24368,52.4374],[11.26145,52.43291],[11.26274,52.43089],[11.26456,52.43233],[11.2694,52.43078],[11.27419,52.43302],[11.27595,52.43015],[11.28454,52.43018],[11.28575,52.43358],[11.29475,52.43827],[11.30999,52.44035],[11.32157,52.43074],[11.32155,52.42456],[11.33681,52.4245],[11.33936,52.42788],[11.34512,52.42595],[11.34428,52.42379],[11.34854,52.42257],[11.35118,52.42752],[11.35484,52.42481],[11.37373,52.4298],[11.38208,52.43064],[11.3889,52.42193],[11.40535,52.42537],[11.45135,52.40791],[11.45492,52.40077],[11.44345,52.39996],[11.44655,52.39156],[11.44531,52.3876],[11.42458,52.38864],[11.40689,52.38683],[11.40277,52.37532],[11.41086,52.37458],[11.41752,52.37563],[11.41476,52.38084],[11.43328,52.3801],[11.42838,52.37408],[11.42214,52.37424],[11.42347,52.37093],[11.45175,52.37362],[11.4726,52.37322],[11.47534,52.37582],[11.47767,52.3716],[11.55066,52.38637],[11.52628,52.33839],[11.46308,52.32557],[11.45054,52.32433],[11.44677,52.31918],[11.44576,52.30978],[11.44793,52.30234],[11.44615,52.30153],[11.45102,52.2918],[11.44543,52.28706],[11.4572,52.28203],[11.46523,52.28028],[11.46538,52.28157],[11.46826,52.27878],[11.4731,52.27906],[11.48811,52.27082],[11.49815,52.2677],[11.51878,52.26987],[11.51519,52.27188],[11.51118,52.27164],[11.51082,52.27379],[11.51174,52.28831],[11.51673,52.29141],[11.51784,52.29595],[11.54295,52.29211],[11.55016,52.29175],[11.55607,52.294],[11.55687,52.29243],[11.56892,52.28998],[11.56859,52.28393],[11.57539,52.28142],[11.57743,52.28165],[11.5788,52.2879],[11.58869,52.28776],[11.5885,52.28541],[11.58427,52.28485],[11.5852,52.28369],[11.5979,52.28353],[11.60266,52.28461],[11.60124,52.28608],[11.60475,52.28647],[11.60302,52.27015],[11.60033,52.26976],[11.60124,52.2676],[11.59899,52.2672],[11.58825,52.25436],[11.58449,52.25446],[11.5891,52.25339],[11.58766,52.24921],[11.59986,52.24585],[11.59591,52.23436],[11.59196,52.23563],[11.59098,52.23269],[11.58207,52.23653],[11.57702,52.23671],[11.57464,52.23107],[11.56339,52.22139],[11.55053,52.2242],[11.54896,52.21998],[11.54391,52.22006],[11.54343,52.21598],[11.54871,52.20929],[11.53608,52.20649],[11.53657,52.20373],[11.57649,52.20279],[11.57122,52.19599],[11.57112,52.1906],[11.56267,52.18918],[11.56312,52.18781],[11.55697,52.18409],[11.55654,52.18147],[11.54826,52.18075],[11.54822,52.17717],[11.54274,52.1691],[11.53394,52.17028],[11.53442,52.17186],[11.53168,52.17205],[11.53196,52.17357],[11.53712,52.17337],[11.5333,52.17467],[11.53366,52.17802],[11.51661,52.17836],[11.51577,52.18095],[11.51771,52.18123],[11.51497,52.18644],[11.50611,52.18342],[11.50279,52.18701],[11.49804,52.18628],[11.49844,52.18789],[11.50243,52.18821],[11.50234,52.193],[11.48583,52.19466],[11.48674,52.20186],[11.49764,52.20178],[11.50265,52.20307],[11.50063,52.207],[11.49287,52.20867],[11.49285,52.21348],[11.48893,52.21086],[11.47186,52.21137],[11.47034,52.20994],[11.46312,52.21272],[11.46073,52.21222],[11.45777,52.21502],[11.46065,52.22736],[11.4585,52.23407],[11.46178,52.23454],[11.46318,52.24217],[11.4674,52.2411],[11.46943,52.24222],[11.46949,52.24515],[11.46373,52.2451],[11.46317,52.24939],[11.45825,52.248],[11.45215,52.25206],[11.44619,52.24934],[11.44707,52.2462],[11.44404,52.24524],[11.44633,52.23956],[11.4413,52.23834],[11.44212,52.23697],[11.42929,52.23435],[11.43042,52.23172],[11.42282,52.22984],[11.41915,52.23238],[11.40051,52.22836],[11.37436,52.22794],[11.36965,52.2268],[11.369,52.23048],[11.37145,52.23371],[11.36902,52.24386],[11.371,52.24627],[11.36869,52.24902],[11.37022,52.25159],[11.35574,52.26487],[11.35434,52.27198],[11.34489,52.27621],[11.34556,52.27841],[11.34077,52.28136],[11.33696,52.2802],[11.32884,52.28105],[11.32152,52.27844],[11.32399,52.27067],[11.31582,52.27077],[11.3045,52.26844],[11.29678,52.28086],[11.29663,52.2788],[11.2908,52.27719],[11.29259,52.27378],[11.29053,52.27165],[11.30024,52.25935],[11.3052,52.23879],[11.30473,52.23714],[11.29922,52.23724],[11.30063,52.23451],[11.30286,52.23594],[11.30306,52.23272],[11.2979,52.23366],[11.30307,52.21989],[11.28922,52.21915],[11.2896,52.21522],[11.29255,52.21454],[11.29196,52.21221],[11.29744,52.20929],[11.3081,52.19396],[11.32113,52.19434],[11.32301,52.19012],[11.31953,52.18976],[11.32046,52.18468],[11.32249,52.18472],[11.32358,52.17174],[11.33059,52.17192],[11.33058,52.16566],[11.36413,52.16767],[11.36439,52.16007],[11.36842,52.14969],[11.36665,52.14956],[11.3671,52.13883],[11.35794,52.13611],[11.34013,52.14421],[11.32941,52.14678],[11.32922,52.14997],[11.32522,52.151],[11.32457,52.14876],[11.319,52.14666],[11.30922,52.14746],[11.30385,52.15024],[11.29705,52.15077],[11.2977,52.14483],[11.28998,52.14644],[11.2901,52.14869],[11.28163,52.14802],[11.27853,52.14404],[11.28545,52.1376],[11.29256,52.13404],[11.29215,52.12856],[11.29581,52.12831],[11.29634,52.12476],[11.29446,52.12368],[11.27759,52.12023],[11.27598,52.12229],[11.27539,52.11876],[11.27144,52.11787],[11.27074,52.11453],[11.26646,52.11451],[11.26466,52.11171],[11.25678,52.11365],[11.25639,52.11791],[11.24946,52.11756],[11.24649,52.12103],[11.24961,52.12447],[11.23975,52.12176],[11.23412,52.12582],[11.23038,52.12452],[11.22674,52.1205],[11.2239,52.12123],[11.22908,52.11856],[11.22636,52.116],[11.22318,52.11597],[11.21395,52.10652],[11.20284,52.10628],[11.20412,52.1044],[11.19447,52.10601],[11.19063,52.10909],[11.18416,52.10679],[11.18127,52.10758],[11.17818,52.11083],[11.17444,52.11175],[11.1744,52.11372],[11.16829,52.11514],[11.166,52.12307],[11.14717,52.12508],[11.13148,52.12404],[11.12198,52.12143],[11.12335,52.11935],[11.11917,52.11868],[11.12004,52.11602],[11.1143,52.11441],[11.11471,52.11297],[11.07797,52.11238],[11.07685,52.10408],[11.06884,52.1064],[11.06796,52.10129],[11.06996,52.10128],[11.06998,52.09785],[11.07642,52.09862],[11.07745,52.10055],[11.07557,52.0913],[11.0593,52.09216],[11.05899,52.08759],[11.05518,52.08876],[11.05438,52.08409],[11.05759,52.08323],[11.05565,52.08328],[11.05375,52.07757],[11.05814,52.07621],[11.05023,52.06687],[11.04536,52.06595],[11.03844,52.06685],[11.02186,52.06308],[11.01708,52.04815],[11.01465,52.0466],[10.98709,52.05174],[10.97032,52.0528],[10.96471,52.0562]]]]}},{"type":"Feature","properties":{"nr":8,"name":"Wolmirstedt"},"geometry":{"type":"MultiPolygon","coordinates":[[[[11.40116,52.22846],[11.41915,52.23238],[11.42282,52.22984],[11.43042,52.23172],[11.42929,52.23435],[11.44212,52.23697],[11.4413,52.23834],[11.44633,52.23956],[11.44404,52.24524],[11.44707,52.2462],[11.44619,52.24934],[11.45215,52.25206],[11.45825,52.248],[11.46317,52.24939],[11.46373,52.2451],[11.46949,52.24515],[11.4674,52.2411],[11.46318,52.24217],[11.46178,52.23454],[11.4585,52.23407],[11.46065,52.22736],[11.45777,52.21502],[11.46073,52.21222],[11.46312,52.21272],[11.47034,52.20994],[11.47186,52.21137],[11.48893,52.21086],[11.49285,52.21348],[11.49287,52.20867],[11.50063,52.207],[11.50265,52.20307],[11.49764,52.20178],[11.48674,52.20186],[11.48543,52.19595],[11.48936,52.1939],[11.50234,52.193],[11.50243,52.18821],[11.49844,52.18789],[11.49804,52.18628],[11.50279,52.18701],[11.50611,52.18342],[11.51497,52.18644],[11.51771,52.18123],[11.51577,52.18095],[11.51661,52.17836],[11.53366,52.17802],[11.5333,52.17467],[11.53712,52.17337],[11.53196,52.17357],[11.53168,52.17205],[11.53442,52.17186],[11.53394,52.17028],[11.54274,52.1691],[11.54822,52.17717],[11.54826,52.18075],[11.55654,52.18147],[11.55697,52.18409],[11.56312,52.18781],[11.56267,52.18918],[11.57112,52.1906],[11.57122,52.19599],[11.57649,52.20279],[11.53657,52.20373],[11.53608,52.20649],[11.54871,52.20929],[11.54343,52.21598],[11.54391,52.22006],[11.54896,52.21998],[11.55053,52.2242],[11.56339,52.22139],[11.57464,52.23107],[11.57702,52.23671],[11.58207,52.23653],[11.59098,52.23269],[11.59196,52.23563],[11.59591,52.23436],[11.59986,52.24585],[11.58766,52.24921],[11.5891,52.25339],[11.58449,52.25446],[11.58825,52.25436],[11.59899,52.2672],[11.60124,52.2676],[11.60033,52.26976],[11.60302,52.27015],[11.60475,52.28647],[11.60124,52.28608],[11.60266,52.28461],[11.5979,52.28353],[11.5852,52.28369],[11.58427,52.28485],[11.5885,52.28541],[11.58869,52.28776],[11.5788,52.2879],[11.57743,52.28165],[11.57539,52.28142],[11.56859,52.28393],[11.56892,52.28998],[11.55687,52.29243],[11.55607,52.294],[11.55016,52.29175],[11.54295,52.29211],[11.51784,52.29595],[11.51673,52.29141],[11.51174,52.28831],[11.51082,52.27379],[11.51118,52.27164],[11.51519,52.27188],[11.51878,52.26987],[11.51542,52.27022],[11.50979,52.26821],[11.50375,52.26871],[11.50089,52.26738],[11.48811,52.27082],[11.4731,52.27906],[11.46826,52.27878],[11.46538,52.28157],[11.46523,52.28028],[11.4572,52.28203],[11.44543,52.28706],[11.45102,52.2918],[11.44615,52.30153],[11.44793,52.30234],[11.44576,52.30978],[11.44677,52.31918],[11.45054,52.32433],[11.46308,52.32557],[11.52628,52.33839],[11.55066,52.38637],[11.47767,52.3716],[11.47534,52.37582],[11.4726,52.37322],[11.45175,52.37362],[11.42347,52.37093],[11.42214,52.37424],[11.42838,52.37408],[11.43328,52.3801],[11.41476,52.38084],[11.41752,52.37563],[11.41086,52.37458],[11.40277,52.37532],[11.40689,52.38683],[11.43129,52.38872],[11.44657,52.38672],[11.56282,52.41025],[11.58736,52.45837],[11.64286,52.46976],[11.63799,52.46479],[11.64826,52.46259],[11.67283,52.46393],[11.69265,52.45899],[11.69982,52.45902],[11.7167,52.42774],[11.72601,52.42959],[11.73315,52.42438],[11.72953,52.4224],[11.72998,52.4205],[11.72686,52.41983],[11.72659,52.41494],[11.7218,52.41421],[11.72185,52.412],[11.71794,52.41045],[11.71895,52.40798],[11.72259,52.40956],[11.7248,52.40785],[11.74753,52.40311],[11.76759,52.40243],[11.77479,52.40016],[11.77938,52.40265],[11.78227,52.40035],[11.78572,52.4021],[11.78267,52.4045],[11.78367,52.40613],[11.7897,52.41135],[11.78827,52.41359],[11.78205,52.41513],[11.77849,52.41294],[11.77688,52.41499],[11.77417,52.41501],[11.77328,52.41821],[11.78181,52.4211],[11.78623,52.41939],[11.7819,52.41719],[11.78324,52.41666],[11.79443,52.42198],[11.78975,52.41516],[11.80189,52.41067],[11.80938,52.41356],[11.81458,52.41329],[11.81687,52.41505],[11.8405,52.40123],[11.83508,52.38937],[11.83437,52.38146],[11.81797,52.37244],[11.82796,52.37217],[11.83095,52.36298],[11.84318,52.35473],[11.85453,52.35603],[11.85721,52.34733],[11.84499,52.34583],[11.84737,52.33741],[11.85167,52.33165],[11.83696,52.32997],[11.81608,52.33433],[11.80457,52.33449],[11.79782,52.33245],[11.79383,52.32909],[11.79621,52.32798],[11.79671,52.32346],[11.79129,52.32027],[11.78663,52.32245],[11.76731,52.31098],[11.7644,52.30619],[11.76486,52.2947],[11.75332,52.27654],[11.74323,52.26925],[11.73352,52.25666],[11.72704,52.25166],[11.70718,52.24616],[11.70131,52.24223],[11.7009,52.22506],[11.70339,52.21887],[11.70538,52.21927],[11.71452,52.20932],[11.71284,52.20334],[11.70948,52.20141],[11.70515,52.19948],[11.68957,52.19896],[11.68735,52.20867],[11.67543,52.22198],[11.67351,52.22716],[11.63595,52.22834],[11.64628,52.19991],[11.62499,52.18706],[11.57013,52.17384],[11.56959,52.16699],[11.56106,52.16838],[11.56064,52.15813],[11.55416,52.15871],[11.55176,52.1546],[11.55224,52.15305],[11.55773,52.15444],[11.5609,52.14207],[11.54663,52.14234],[11.53831,52.11963],[11.54035,52.11565],[11.51341,52.11756],[11.51125,52.12045],[11.50437,52.11969],[11.5027,52.11827],[11.49156,52.1176],[11.47327,52.11245],[11.46349,52.13183],[11.44815,52.12777],[11.43721,52.12961],[11.42938,52.129],[11.4275,52.12659],[11.41919,52.12448],[11.4176,52.12687],[11.40597,52.127],[11.40875,52.12822],[11.40828,52.13268],[11.41208,52.13513],[11.41336,52.14136],[11.41017,52.14075],[11.40944,52.14413],[11.39369,52.14178],[11.38229,52.14179],[11.38305,52.14101],[11.37877,52.14001],[11.3671,52.13894],[11.36665,52.14956],[11.36842,52.14969],[11.36439,52.16007],[11.36413,52.16767],[11.33058,52.16566],[11.33059,52.17192],[11.32358,52.17174],[11.32249,52.18472],[11.32046,52.18468],[11.31953,52.18976],[11.32301,52.19012],[11.32113,52.19434],[11.3081,52.19396],[11.29744,52.20929],[11.29196,52.21221],[11.29255,52.21454],[11.2896,52.21522],[11.28922,52.21915],[11.30307,52.21989],[11.2979,52.23366],[11.30306,52.23272],[11.30286,52.23594],[11.30063,52.23451],[11.29922,52.23724],[11.30473,52.23714],[11.3052,52.23879],[11.30024,52.25935],[11.29053,52.27165],[11.29259,52.27378],[11.29126,52.27768],[11.29663,52.2788],[11.29577,52.28047],[11.29763,52.28089],[11.3045,52.26844],[11.31582,52.27077],[11.32399,52.27067],[11.32122,52.27569],[11.32359,52.28021],[11.33696,52.2802],[11.34077,52.28136],[11.34556,52.27841],[11.34489,52.27621],[11.35434,52.27198],[11.35574,52.26487],[11.37022,52.25159],[11.36869,52.24902],[11.371,52.24627],[11.36902,52.24386],[11.37145,52.23371],[11.369,52.23048],[11.36965,52.2268],[11.40116,52.22846]]],[[[11.40051,52.22836],[11.40057,52.22837],[11.40051,52.22836],[11.40051,52.22836]]]]}},{"type":"Feature","properties":{"nr":9,"name":"Oschersleben-Wanzleben"},"geometry":{"type":"MultiPolygon","coordinates":[[[[11.53356,52.10311],[11.53006,52.10276],[11.5329,52.09381],[11.52565,52.08073],[11.51724,52.07867],[11.52108,52.07216],[11.52092,52.06721],[11.52508,52.06511],[11.54608,52.06169],[11.55428,52.06942],[11.56668,52.06598],[11.59991,52.06978],[11.6005,52.0675],[11.6027,52.06753],[11.60316,52.05999],[11.6073,52.05866],[11.60859,52.05609],[11.61356,52.05598],[11.61484,52.05127],[11.62293,52.05133],[11.6277,52.03655],[11.63571,52.03631],[11.64027,52.03024],[11.61996,52.02976],[11.62388,52.02148],[11.60487,52.02169],[11.60369,52.0197],[11.60153,52.01971],[11.60626,51.99163],[11.60319,51.96948],[11.59705,51.9658],[11.57361,51.96756],[11.52717,51.96406],[11.52084,51.96252],[11.52061,51.96349],[11.51651,51.96336],[11.51648,51.96233],[11.50872,51.96287],[11.50968,51.96599],[11.5057,51.96849],[11.49142,51.9725],[11.49338,51.97602],[11.48225,51.97828],[11.48151,51.98165],[11.45887,51.98501],[11.45919,51.98819],[11.45044,51.98814],[11.44997,51.99146],[11.44728,51.99137],[11.44677,52.00675],[11.42647,52.00587],[11.42592,52.00444],[11.4136,52.00469],[11.41301,52.00083],[11.40954,52.00119],[11.40511,51.9894],[11.4029,51.98655],[11.4003,51.98615],[11.40142,51.98212],[11.39786,51.97948],[11.38497,51.98142],[11.38443,51.97942],[11.37946,51.98318],[11.37184,51.9743],[11.3655,51.9796],[11.35917,51.976],[11.34473,51.96233],[11.35281,51.96074],[11.34926,51.95343],[11.35287,51.95252],[11.35183,51.95044],[11.36532,51.94876],[11.36085,51.94049],[11.37307,51.94055],[11.37333,51.93347],[11.36257,51.93376],[11.36044,51.93041],[11.36565,51.92862],[11.35328,51.9171],[11.35478,51.91462],[11.3463,51.9135],[11.34106,51.90173],[11.34014,51.90419],[11.33319,51.90605],[11.32753,51.90343],[11.32531,51.89995],[11.31579,51.90407],[11.31133,51.89973],[11.29845,51.90457],[11.29997,51.90866],[11.29692,51.90976],[11.29468,51.90683],[11.29648,51.90524],[11.28217,51.90535],[11.27378,51.90814],[11.27489,51.90512],[11.26919,51.90188],[11.25935,51.9031],[11.2597,51.89855],[11.2722,51.89675],[11.27622,51.89755],[11.27776,51.89476],[11.27391,51.89285],[11.2722,51.89563],[11.26118,51.89347],[11.25721,51.89674],[11.2518,51.89727],[11.24964,51.90147],[11.22635,51.9087],[11.22242,51.91913],[11.2103,51.91742],[11.20835,51.92276],[11.19881,51.92612],[11.19485,51.92622],[11.19394,51.92438],[11.19076,51.92653],[11.18319,51.92069],[11.17961,51.92198],[11.18027,51.91938],[11.17501,51.91701],[11.1704,51.92079],[11.16056,51.93822],[11.1656,51.94425],[11.17154,51.94569],[11.17396,51.94982],[11.17744,51.95031],[11.17732,51.95319],[11.18037,51.95577],[11.17401,51.95794],[11.17518,51.96087],[11.1797,51.95945],[11.18032,51.9604],[11.17626,51.96173],[11.17531,51.96563],[11.17046,51.96721],[11.15511,51.96574],[11.15284,51.96906],[11.14997,51.96909],[11.1504,51.97131],[11.15816,51.97433],[11.16227,51.97997],[11.16214,51.98131],[11.15128,51.98483],[11.15285,52.00036],[11.10978,52.00015],[11.10769,52.0027],[11.09813,52.00334],[11.0981,52.00526],[11.09333,52.00649],[11.09418,52.01173],[11.08466,52.01147],[11.08377,52.02686],[11.07434,52.02343],[11.06932,52.02375],[11.06712,52.02868],[11.07015,52.03785],[11.06203,52.03973],[11.06193,52.03707],[11.05758,52.03694],[11.02545,52.04024],[11.01465,52.0466],[11.01708,52.04815],[11.02186,52.06308],[11.03844,52.06685],[11.04536,52.06595],[11.05023,52.06687],[11.05814,52.07621],[11.05375,52.07757],[11.05565,52.08328],[11.05759,52.08323],[11.05438,52.08409],[11.05518,52.08876],[11.05899,52.08759],[11.0593,52.09216],[11.07557,52.0913],[11.07745,52.10055],[11.07642,52.09862],[11.06998,52.09785],[11.06996,52.10128],[11.06796,52.10129],[11.06884,52.1064],[11.07685,52.10408],[11.07797,52.11238],[11.11252,52.11256],[11.11471,52.11297],[11.1143,52.11441],[11.1189,52.11487],[11.11917,52.11868],[11.12335,52.11935],[11.12198,52.12143],[11.12552,52.12275],[11.14717,52.12508],[11.166,52.12307],[11.16829,52.11514],[11.1744,52.11372],[11.17444,52.11175],[11.17818,52.11083],[11.18248,52.107],[11.19063,52.10909],[11.19447,52.10601],[11.20412,52.1044],[11.20284,52.10628],[11.21395,52.10652],[11.22318,52.11597],[11.22636,52.116],[11.22908,52.11856],[11.2239,52.12123],[11.22674,52.1205],[11.23038,52.12452],[11.23412,52.12582],[11.23975,52.12176],[11.24961,52.12447],[11.24649,52.12103],[11.24946,52.11756],[11.25639,52.11791],[11.25678,52.11365],[11.26466,52.11171],[11.26646,52.11451],[11.27074,52.11453],[11.27144,52.11787],[11.27539,52.11876],[11.27598,52.12229],[11.27759,52.12023],[11.29634,52.12476],[11.29581,52.12831],[11.29215,52.12856],[11.29256,52.13404],[11.28545,52.1376],[11.27853,52.14404],[11.28004,52.14747],[11.2901,52.14869],[11.28998,52.14644],[11.2977,52.14483],[11.29705,52.15077],[11.30385,52.15024],[11.30922,52.14746],[11.319,52.14666],[11.32457,52.14876],[11.32522,52.151],[11.32922,52.14997],[11.32941,52.14678],[11.34013,52.14421],[11.35794,52.13611],[11.3614,52.13655],[11.36105,52.13801],[11.37877,52.14001],[11.38305,52.14101],[11.38229,52.14179],[11.39369,52.14178],[11.40944,52.14413],[11.41017,52.14075],[11.41336,52.14136],[11.41208,52.13513],[11.40828,52.13268],[11.40875,52.12822],[11.40597,52.127],[11.4176,52.12687],[11.41919,52.12448],[11.4275,52.12659],[11.42938,52.129],[11.43721,52.12961],[11.44815,52.12777],[11.46349,52.13183],[11.47327,52.11245],[11.49156,52.1176],[11.5027,52.11827],[11.50437,52.11969],[11.51125,52.12045],[11.51341,52.11756],[11.53609,52.11522],[11.53356,52.10311]]]]}},{"type":"Feature","properties":{"nr":10,"name":"Magdeburg I"},"geometry":{"type":"MultiPolygon","coordinates":[[[[11.68738,52.18701],[11.67869,52.15968],[11.65363,52.13614],[11.64726,52.13791],[11.63012,52.13919],[11.63224,52.14184],[11.6285,52.1422],[11.6282,52.15181],[11.61355,52.15146],[11.61315,52.15543],[11.60983,52.15392],[11.60528,52.15508],[11.60316,52.15821],[11.61032,52.15867],[11.60986,52.16584],[11.58401,52.17751],[11.62499,52.18706],[11.64628,52.19991],[11.63595,52.22834],[11.67464,52.22649],[11.67543,52.22198],[11.68866,52.20635],[11.68957,52.19896],[11.70515,52.19948],[11.69398,52.19336],[11.68738,52.18701]]]]}},{"type":"Feature","properties":{"nr":11,"name":"Magdeburg II"},"geometry":{"type":"MultiPolygon","coordinates":[[[[11.71716,52.11404],[11.72165,52.09967],[11.74409,52.10083],[11.74826,52.09331],[11.75968,52.08488],[11.76248,52.08043],[11.75961,52.07886],[11.7665,52.0791],[11.76694,52.07792],[11.76373,52.07667],[11.76473,52.07393],[11.76245,52.07308],[11.74883,52.07266],[11.75456,52.07006],[11.75657,52.06421],[11.74886,52.06241],[11.74875,52.0562],[11.74608,52.0531],[11.73712,52.05524],[11.73299,52.05443],[11.73298,52.05105],[11.74156,52.04705],[11.73285,52.04465],[11.73349,52.0422],[11.72314,52.03923],[11.7133,52.04484],[11.7084,52.0418],[11.69052,52.052],[11.67659,52.07536],[11.67754,52.09147],[11.66932,52.10135],[11.6625,52.10469],[11.64534,52.10754],[11.63638,52.11642],[11.63061,52.11613],[11.62992,52.11392],[11.62581,52.11248],[11.62113,52.11876],[11.60563,52.11974],[11.6032,52.13717],[11.59459,52.14133],[11.60101,52.1425],[11.62459,52.1415],[11.63012,52.13919],[11.64726,52.13791],[11.65363,52.13614],[11.67869,52.15968],[11.68738,52.18701],[11.69687,52.17868],[11.69908,52.17413],[11.71013,52.17113],[11.71206,52.16908],[11.70989,52.16738],[11.70437,52.16726],[11.70743,52.16575],[11.70608,52.15983],[11.71186,52.15967],[11.7059,52.15906],[11.70426,52.15189],[11.70557,52.15235],[11.70605,52.14934],[11.70299,52.14839],[11.70624,52.14917],[11.7094,52.14615],[11.71719,52.14606],[11.724,52.14203],[11.72196,52.14008],[11.72218,52.13398],[11.71601,52.12303],[11.71477,52.11463],[11.71716,52.11404]]]]}},{"type":"Feature","properties":{"nr":12,"name":"Magdeburg III"},"geometry":{"type":"MultiPolygon","coordinates":[[[[11.53356,52.10311],[11.53621,52.10936],[11.53572,52.11463],[11.54035,52.11565],[11.53831,52.11963],[11.54663,52.14234],[11.5609,52.14207],[11.55773,52.15444],[11.55224,52.15305],[11.55232,52.15674],[11.55416,52.15871],[11.56064,52.15813],[11.56106,52.16838],[11.56959,52.16699],[11.56988,52.1737],[11.58401,52.17751],[11.60986,52.16584],[11.61032,52.15867],[11.60316,52.15821],[11.60528,52.15508],[11.60983,52.15392],[11.61315,52.15543],[11.61355,52.15146],[11.6282,52.15181],[11.6285,52.1422],[11.63224,52.14184],[11.63012,52.13919],[11.62459,52.1415],[11.61331,52.14221],[11.59459,52.14133],[11.6032,52.13717],[11.60563,52.11974],[11.62113,52.11876],[11.61837,52.11565],[11.60852,52.11062],[11.60414,52.10221],[11.59322,52.10372],[11.59219,52.09899],[11.57649,52.10005],[11.57492,52.10346],[11.53356,52.10311]]]]}},{"type":"Feature","properties":{"nr":13,"name":"Magdeburg IV"},"geometry":{"type":"MultiPolygon","coordinates":[[[[11.53006,52.10276],[11.57492,52.10346],[11.57649,52.10005],[11.59219,52.09899],[11.59322,52.10372],[11.60414,52.10221],[11.60852,52.11062],[11.61837,52.11565],[11.62113,52.11876],[11.62581,52.11248],[11.62992,52.11392],[11.63061,52.11613],[11.63638,52.11642],[11.64534,52.10754],[11.66583,52.10357],[11.67499,52.09601],[11.67794,52.0896],[11.67659,52.07536],[11.69052,52.052],[11.6946,52.04994],[11.68028,52.04267],[11.67463,52.04188],[11.67292,52.0396],[11.66353,52.03767],[11.66456,52.03573],[11.66144,52.03578],[11.66363,52.03493],[11.66156,52.03393],[11.65988,52.03553],[11.66168,52.03278],[11.65179,52.02818],[11.65079,52.02896],[11.64588,52.02375],[11.63571,52.03631],[11.6277,52.03655],[11.62293,52.05133],[11.61484,52.05127],[11.61356,52.05598],[11.60859,52.05609],[11.6073,52.05866],[11.60316,52.05999],[11.6027,52.06753],[11.6005,52.0675],[11.59991,52.06978],[11.56668,52.06598],[11.55428,52.06942],[11.54608,52.06169],[11.52508,52.06511],[11.52092,52.06721],[11.52108,52.07216],[11.51724,52.07867],[11.52565,52.08073],[11.5329,52.09381],[11.53006,52.10276]]]]}},{"type":"Feature","properties":{"nr":14,"name":"Halberstadt"},"geometry":{"type":"MultiPolygon","coordinates":[[[[10.89662,51.95006],[10.89635,51.95425],[10.89124,51.95503],[10.89255,51.95872],[10.89068,51.96087],[10.88637,51.96188],[10.88837,51.96669],[10.88437,51.96825],[10.87872,51.96778],[10.87451,51.971],[10.86849,51.9705],[10.86372,51.9784],[10.84924,51.98659],[10.85254,51.9931],[10.85555,51.99372],[10.85346,51.99801],[10.84991,52.0433],[10.84092,52.04184],[10.84141,52.04964],[10.85338,52.05024],[10.87282,52.05759],[10.88092,52.0588],[10.91663,52.05804],[10.93557,52.0591],[10.96288,52.05735],[10.97032,52.0528],[10.98709,52.05174],[11.01465,52.0466],[11.02545,52.04024],[11.05758,52.03694],[11.06193,52.03707],[11.06203,52.03973],[11.07015,52.03785],[11.06712,52.02868],[11.06932,52.02375],[11.07434,52.02343],[11.08377,52.02686],[11.08466,52.01147],[11.09418,52.01173],[11.09333,52.00649],[11.0981,52.00526],[11.09813,52.00334],[11.10769,52.0027],[11.10978,52.00015],[11.15285,52.00036],[11.15128,51.98483],[11.16214,51.98131],[11.16227,51.97997],[11.15816,51.97433],[11.1504,51.97131],[11.14997,51.96909],[11.15284,51.96906],[11.15511,51.96574],[11.17046,51.96721],[11.17531,51.96563],[11.17626,51.96173],[11.18032,51.9604],[11.1797,51.95945],[11.17518,51.96087],[11.17401,51.95794],[11.18037,51.95577],[11.17732,51.95319],[11.17744,51.95031],[11.17396,51.94982],[11.17154,51.94569],[11.1656,51.94425],[11.16056,51.93822],[11.16594,51.92608],[11.17501,51.91701],[11.17366,51.91398],[11.16865,51.91034],[11.16593,51.9115],[11.15484,51.91043],[11.14399,51.90467],[11.13978,51.89936],[11.13368,51.902],[11.12672,51.9028],[11.12243,51.89512],[11.11107,51.89581],[11.10922,51.89039],[11.08639,51.89238],[11.0861,51.88594],[11.07755,51.87867],[11.07729,51.87598],[11.08484,51.87223],[11.07799,51.87234],[11.07485,51.871],[11.07259,51.859],[11.05837,51.84137],[11.05657,51.83097],[11.04454,51.83318],[11.04268,51.8314],[11.02627,51.83773],[11.02265,51.83376],[11.01219,51.83636],[11.00937,51.83171],[11.00731,51.83317],[10.99909,51.83281],[10.99251,51.83898],[10.98178,51.83474],[10.976,51.8386],[10.97439,51.83759],[10.97035,51.83967],[10.97273,51.84149],[10.963,51.83831],[10.95771,51.83986],[10.95969,51.84252],[10.95509,51.84867],[10.95284,51.86309],[10.96057,51.86725],[10.96962,51.86638],[10.97053,51.86034],[10.97077,51.8663],[10.97388,51.86618],[10.97252,51.87257],[10.97483,51.87264],[10.97434,51.87575],[10.98289,51.87974],[10.98226,51.88165],[10.96587,51.87844],[10.96317,51.88499],[10.94678,51.88412],[10.94633,51.88584],[10.95339,51.88647],[10.95257,51.89172],[10.95653,51.89208],[10.95463,51.89648],[10.9455,51.89574],[10.9452,51.89687],[10.92401,51.89962],[10.92334,51.9013],[10.9131,51.90279],[10.9133,51.91608],[10.90779,51.91756],[10.90788,51.92048],[10.91688,51.92321],[10.91684,51.92753],[10.91206,51.92761],[10.90928,51.9288],[10.90927,51.93172],[10.90506,51.93117],[10.88895,51.93795],[10.8817,51.9379],[10.88139,51.95111],[10.88872,51.94789],[10.88887,51.95014],[10.89662,51.95006]]]]}},{"type":"Feature","properties":{"nr":15,"name":"Blankenburg"},"geometry":{"type":"MultiPolygon","coordinates":[[[[10.89635,51.95425],[10.89662,51.95006],[10.88887,51.95014],[10.88872,51.94789],[10.88139,51.95111],[10.8817,51.9379],[10.88895,51.93795],[10.90506,51.93117],[10.90927,51.93172],[10.90928,51.9288],[10.91206,51.92761],[10.91684,51.92753],[10.91688,51.92321],[10.90788,51.92048],[10.90779,51.91756],[10.9133,51.91608],[10.9131,51.90279],[10.92334,51.9013],[10.92401,51.89962],[10.9452,51.89687],[10.9455,51.89574],[10.95463,51.89648],[10.95653,51.89208],[10.95257,51.89172],[10.95339,51.88647],[10.94633,51.88584],[10.94678,51.88412],[10.96317,51.88499],[10.96587,51.87844],[10.98226,51.88165],[10.98289,51.87974],[10.97434,51.87575],[10.97483,51.87264],[10.97252,51.87257],[10.97388,51.86618],[10.97077,51.8663],[10.97053,51.86034],[10.96962,51.86638],[10.96057,51.86725],[10.95284,51.86309],[10.95509,51.84867],[10.95969,51.84252],[10.95771,51.83986],[10.963,51.83831],[10.97273,51.84149],[10.97035,51.83967],[10.97439,51.83759],[10.976,51.8386],[10.98178,51.83474],[10.99251,51.83898],[10.99909,51.83281],[11.00731,51.83317],[11.00937,51.83171],[11.01219,51.83636],[11.02265,51.83376],[11.02627,51.83773],[11.04268,51.8314],[11.04454,51.83318],[11.05647,51.83099],[11.05456,51.82496],[11.04908,51.82524],[11.04034,51.81438],[11.03322,51.81503],[11.0312,51.80831],[11.01888,51.80828],[11.01864,51.80653],[11.01079,51.80508],[11.01536,51.79684],[11.01776,51.79936],[11.02423,51.79689],[11.01982,51.79356],[11.02245,51.79247],[11.01884,51.78976],[11.01966,51.78788],[11.0171,51.78497],[11.01402,51.78591],[11.01185,51.7838],[11.01618,51.78222],[11.01862,51.78447],[11.02259,51.78279],[11.02284,51.78762],[11.03288,51.78608],[11.03768,51.78793],[11.03812,51.78565],[11.03645,51.78133],[11.03106,51.7786],[11.03148,51.77557],[11.03391,51.77544],[11.03272,51.76475],[11.03013,51.76537],[11.03013,51.7621],[11.02802,51.76094],[11.00984,51.76346],[11.01298,51.76251],[11.01383,51.75833],[11.00935,51.75617],[11.0128,51.75314],[11.01651,51.75343],[11.01296,51.75105],[11.01515,51.74797],[11.00722,51.74498],[11.00211,51.74029],[10.99863,51.74666],[10.99288,51.74921],[10.98963,51.74653],[10.9859,51.74728],[10.98255,51.74542],[10.98185,51.74082],[10.97389,51.738],[10.9658,51.73718],[10.9619,51.74045],[10.94578,51.73802],[10.94318,51.74263],[10.93444,51.74842],[10.93738,51.74982],[10.93416,51.75298],[10.92462,51.75045],[10.91832,51.75374],[10.91634,51.7517],[10.91242,51.7519],[10.9119,51.74895],[10.90459,51.74712],[10.9023,51.75097],[10.90523,51.75226],[10.89951,51.75246],[10.90049,51.75466],[10.89418,51.7575],[10.88781,51.75688],[10.88243,51.76272],[10.87493,51.76197],[10.86774,51.75893],[10.86714,51.7609],[10.87011,51.76154],[10.86796,51.76246],[10.86978,51.76248],[10.86933,51.76581],[10.87286,51.7675],[10.87152,51.76874],[10.86095,51.76987],[10.85847,51.76666],[10.84602,51.76761],[10.8376,51.76566],[10.83637,51.7676],[10.83011,51.76637],[10.83501,51.77516],[10.83174,51.77942],[10.8435,51.77648],[10.85157,51.78062],[10.85207,51.7828],[10.86335,51.78232],[10.85936,51.78731],[10.8528,51.78575],[10.84371,51.79194],[10.84895,51.79546],[10.85158,51.79983],[10.8599,51.80271],[10.86376,51.80627],[10.86427,51.80979],[10.8833,51.81356],[10.89108,51.81371],[10.89468,51.81589],[10.9005,51.8164],[10.89117,51.824],[10.89229,51.82589],[10.88893,51.82673],[10.88964,51.82827],[10.88481,51.83039],[10.88689,51.83456],[10.8921,51.83333],[10.89254,51.83585],[10.89259,51.83305],[10.89294,51.83838],[10.89471,51.83862],[10.88947,51.85724],[10.88773,51.85662],[10.8871,51.86031],[10.88547,51.85977],[10.88454,51.86603],[10.87963,51.86462],[10.87952,51.86653],[10.87608,51.86816],[10.86721,51.86662],[10.86404,51.87097],[10.86283,51.88318],[10.8298,51.88028],[10.81974,51.87789],[10.8137,51.88704],[10.77147,51.8781],[10.75645,51.86659],[10.75309,51.87002],[10.75161,51.86819],[10.75504,51.86309],[10.75409,51.85753],[10.75662,51.84926],[10.75123,51.84847],[10.75035,51.84468],[10.74216,51.83923],[10.74997,51.83549],[10.74933,51.83397],[10.74299,51.83439],[10.73976,51.83855],[10.73533,51.83657],[10.72928,51.83929],[10.72122,51.83865],[10.72011,51.84061],[10.7118,51.83727],[10.71135,51.8338],[10.7108,51.83752],[10.72057,51.84324],[10.71577,51.84364],[10.70653,51.8397],[10.69586,51.83736],[10.69355,51.83373],[10.69747,51.8325],[10.69026,51.82962],[10.6839,51.82918],[10.67655,51.82285],[10.67225,51.82217],[10.65784,51.82501],[10.65578,51.82407],[10.66314,51.81604],[10.65771,51.80768],[10.64787,51.80351],[10.64974,51.79064],[10.64381,51.79025],[10.63749,51.79673],[10.63402,51.81994],[10.62644,51.81833],[10.60744,51.82194],[10.60183,51.82988],[10.59285,51.82989],[10.58795,51.83418],[10.58829,51.83721],[10.58583,51.83963],[10.57645,51.84284],[10.57868,51.84798],[10.58404,51.85278],[10.6015,51.85376],[10.60568,51.86175],[10.61108,51.86388],[10.6122,51.86672],[10.61587,51.86732],[10.61559,51.86988],[10.63282,51.87268],[10.64054,51.88233],[10.6495,51.88919],[10.65051,51.89914],[10.64758,51.90862],[10.64488,51.9091],[10.64539,51.91044],[10.63875,51.91476],[10.6129,51.92036],[10.61612,51.93072],[10.6181,51.93151],[10.61293,51.93853],[10.61643,51.93972],[10.61799,51.94309],[10.6211,51.94352],[10.62496,51.94908],[10.63258,51.94932],[10.64733,51.95352],[10.6512,51.95737],[10.64159,51.96263],[10.63522,51.95923],[10.62001,51.95764],[10.61982,51.96688],[10.61442,51.96701],[10.61433,51.96873],[10.60612,51.96868],[10.60603,51.97738],[10.59502,51.97457],[10.587,51.97415],[10.58517,51.97539],[10.58546,51.98208],[10.57598,51.99209],[10.56084,52.00396],[10.57267,52.00614],[10.57111,52.00991],[10.58994,52.01124],[10.5907,52.01409],[10.59319,52.01425],[10.59666,52.01432],[10.5962,52.00969],[10.60037,52.00979],[10.6004,52.00721],[10.61364,52.01049],[10.61484,52.00903],[10.62725,52.0082],[10.62274,52.01109],[10.63911,52.0153],[10.6416,52.02278],[10.65527,52.02458],[10.65676,52.02878],[10.65442,52.03304],[10.65184,52.03275],[10.64791,52.04173],[10.70463,52.04994],[10.73757,52.04781],[10.75766,52.04831],[10.76203,52.04642],[10.77563,52.04991],[10.78713,52.04989],[10.80247,52.04747],[10.82929,52.04753],[10.84141,52.04964],[10.84092,52.04184],[10.84991,52.0433],[10.85346,51.99801],[10.85555,51.99372],[10.85254,51.9931],[10.84924,51.98659],[10.86372,51.9784],[10.86849,51.9705],[10.87451,51.971],[10.87872,51.96778],[10.88437,51.96825],[10.88837,51.96669],[10.88637,51.96188],[10.89068,51.96087],[10.89255,51.95872],[10.89124,51.95503],[10.89635,51.95425]]]]}},{"type":"Feature","properties":{"nr":16,"name":"Wernigerode"},"geometry":{"type":"MultiPolygon","coordinates":[[[[11.19785,51.59036],[11.20873,51.58777],[11.20369,51.58727],[11.19018,51.59251],[11.17272,51.58916],[11.17037,51.59263],[11.17422,51.59523],[11.16968,51.59706],[11.16604,51.59562],[11.16519,51.59228],[11.16224,51.5916],[11.16234,51.58936],[11.15781,51.58706],[11.16275,51.5837],[11.16002,51.58275],[11.16132,51.57902],[11.15457,51.58261],[11.15771,51.57287],[11.14687,51.57069],[11.14107,51.56708],[11.12929,51.56604],[11.12532,51.56677],[11.12506,51.57322],[11.11701,51.57492],[11.11355,51.57799],[11.11493,51.58027],[11.12279,51.58335],[11.13028,51.57874],[11.13389,51.57822],[11.13983,51.58425],[11.13386,51.58285],[11.1328,51.58529],[11.12552,51.585],[11.12494,51.59188],[11.11455,51.59269],[11.10092,51.59025],[11.09889,51.59941],[11.09119,51.60072],[11.08775,51.60361],[11.08611,51.60136],[11.07761,51.59906],[11.07234,51.60103],[11.06858,51.59919],[11.06138,51.59984],[11.06201,51.59705],[11.05596,51.5947],[11.05605,51.59321],[11.04112,51.59261],[11.0414,51.59399],[11.03456,51.59478],[11.03827,51.59559],[11.03732,51.59692],[11.04053,51.60052],[11.03215,51.60208],[11.02718,51.60012],[11.03074,51.59812],[11.03051,51.59695],[11.02588,51.59994],[11.02179,51.59549],[11.02808,51.5931],[11.0276,51.59193],[11.02349,51.59375],[11.01692,51.5922],[11.0215,51.58919],[11.01663,51.59016],[11.01247,51.59339],[11.00428,51.59148],[11.00085,51.59353],[11.00117,51.59372],[11.00565,51.59316],[11.02122,51.59586],[11.02212,51.59911],[11.01668,51.59956],[11.01229,51.59812],[11.01303,51.59975],[11.01078,51.60007],[11.00652,51.5979],[10.9984,51.6028],[11.00939,51.60099],[11.0078,51.60384],[11.01077,51.60062],[11.01561,51.60005],[11.02718,51.60038],[11.03082,51.60216],[11.02652,51.60296],[11.02705,51.60459],[11.02436,51.60554],[11.013,51.60463],[11.01658,51.60605],[11.00948,51.60907],[11.0004,51.60955],[10.99892,51.60741],[10.99478,51.60696],[10.99819,51.60961],[10.9873,51.60953],[10.99941,51.61],[10.99588,51.6135],[10.99983,51.61006],[11.00655,51.61021],[11.00706,51.61162],[11.00202,51.61256],[11.0016,51.61477],[10.99395,51.6178],[10.99826,51.61624],[11.00333,51.61681],[11.00211,51.61494],[11.00511,51.61253],[11.00782,51.61203],[11.01066,51.61342],[11.00914,51.60962],[11.01588,51.60699],[11.02421,51.60596],[11.02659,51.60522],[11.03041,51.60263],[11.03478,51.60276],[11.03523,51.6113],[11.02921,51.61148],[11.02483,51.61491],[11.0217,51.61451],[11.01899,51.61648],[11.01836,51.61935],[11.02298,51.6225],[11.02552,51.62246],[11.02617,51.62454],[11.01927,51.627],[10.99587,51.62878],[10.97962,51.62383],[10.97674,51.62464],[10.97049,51.63313],[10.95775,51.63359],[10.95339,51.63173],[10.93417,51.63005],[10.93476,51.62431],[10.92153,51.6273],[10.92501,51.62314],[10.92156,51.61909],[10.90291,51.61215],[10.8942,51.61065],[10.88653,51.61224],[10.88179,51.61706],[10.88341,51.61749],[10.8798,51.61789],[10.87713,51.6221],[10.85954,51.63288],[10.84958,51.63079],[10.84135,51.63178],[10.8332,51.63096],[10.83102,51.62706],[10.82663,51.62635],[10.82302,51.62366],[10.81849,51.62451],[10.81841,51.63177],[10.81399,51.63638],[10.81465,51.63916],[10.80586,51.64097],[10.78645,51.64151],[10.77109,51.64452],[10.76293,51.64894],[10.76021,51.64624],[10.75544,51.64505],[10.75642,51.64171],[10.7496,51.64039],[10.73888,51.64342],[10.73723,51.64526],[10.72646,51.64486],[10.70758,51.64037],[10.6942,51.64227],[10.68379,51.6543],[10.68167,51.66044],[10.67207,51.66575],[10.66783,51.6701],[10.6641,51.6835],[10.66724,51.68497],[10.66327,51.69122],[10.6673,51.69619],[10.67267,51.69776],[10.66898,51.70232],[10.6685,51.70982],[10.66031,51.71638],[10.65562,51.71838],[10.65103,51.71815],[10.64195,51.72505],[10.64234,51.73118],[10.63566,51.73449],[10.63123,51.74021],[10.63123,51.75059],[10.62865,51.7569],[10.59135,51.76744],[10.58354,51.77824],[10.57875,51.7818],[10.58597,51.78745],[10.58451,51.79923],[10.57386,51.81108],[10.57796,51.81568],[10.57757,51.82544],[10.58017,51.83036],[10.58795,51.83418],[10.59285,51.82989],[10.60183,51.82988],[10.60744,51.82194],[10.62644,51.81833],[10.63402,51.81994],[10.63749,51.79673],[10.64381,51.79025],[10.64974,51.79064],[10.64787,51.80351],[10.65771,51.80768],[10.66314,51.81604],[10.65578,51.82407],[10.65784,51.82501],[10.67225,51.82217],[10.67655,51.82285],[10.6839,51.82918],[10.69026,51.82962],[10.69747,51.8325],[10.69355,51.83373],[10.69586,51.83736],[10.70653,51.8397],[10.71577,51.84364],[10.72057,51.84324],[10.7108,51.83752],[10.71135,51.8338],[10.7118,51.83727],[10.72011,51.84061],[10.72122,51.83865],[10.72928,51.83929],[10.73533,51.83657],[10.73976,51.83855],[10.74299,51.83439],[10.74933,51.83397],[10.74997,51.83549],[10.74216,51.83923],[10.75035,51.84468],[10.75123,51.84847],[10.75662,51.84926],[10.75409,51.85753],[10.75504,51.86309],[10.75161,51.86819],[10.75309,51.87002],[10.75645,51.86659],[10.77147,51.8781],[10.8137,51.88704],[10.81974,51.87789],[10.8298,51.88028],[10.86283,51.88318],[10.86404,51.87097],[10.86721,51.86662],[10.87608,51.86816],[10.87952,51.86653],[10.87963,51.86462],[10.88454,51.86603],[10.88547,51.85977],[10.8871,51.86031],[10.88773,51.85662],[10.88947,51.85724],[10.89471,51.83862],[10.89294,51.83838],[10.89259,51.83305],[10.89254,51.83585],[10.8921,51.83333],[10.88689,51.83456],[10.88481,51.83039],[10.88964,51.82827],[10.88893,51.82673],[10.89229,51.82589],[10.89117,51.824],[10.9005,51.8164],[10.89468,51.81589],[10.89108,51.81371],[10.8833,51.81356],[10.86427,51.80979],[10.86376,51.80627],[10.8599,51.80271],[10.85158,51.79983],[10.84895,51.79546],[10.84371,51.79194],[10.8528,51.78575],[10.85936,51.78731],[10.86335,51.78232],[10.85207,51.7828],[10.85157,51.78062],[10.8435,51.77648],[10.83174,51.77942],[10.83501,51.77516],[10.83011,51.76637],[10.83637,51.7676],[10.8376,51.76566],[10.84602,51.76761],[10.85847,51.76666],[10.86095,51.76987],[10.87152,51.76874],[10.87286,51.7675],[10.86933,51.76581],[10.86978,51.76248],[10.86796,51.76246],[10.87011,51.76154],[10.86714,51.7609],[10.86774,51.75893],[10.87493,51.76197],[10.88163,51.76286],[10.88781,51.75688],[10.89418,51.7575],[10.90049,51.75466],[10.89951,51.75246],[10.90523,51.75226],[10.9023,51.75097],[10.90424,51.74716],[10.89929,51.74664],[10.90234,51.74382],[10.89033,51.73744],[10.88981,51.73431],[10.88662,51.73267],[10.88736,51.73032],[10.89049,51.72971],[10.89316,51.72681],[10.89912,51.72802],[10.91673,51.72472],[10.91361,51.71984],[10.91577,51.71772],[10.91326,51.71628],[10.9116,51.7103],[10.9126,51.7041],[10.91986,51.70106],[10.92019,51.69897],[10.92929,51.69958],[10.9416,51.69633],[10.94053,51.69431],[10.92915,51.69332],[10.90465,51.69497],[10.90255,51.69272],[10.89601,51.6918],[10.89651,51.6889],[10.91042,51.69219],[10.91095,51.68689],[10.90696,51.68897],[10.90507,51.68595],[10.91223,51.68345],[10.909,51.67989],[10.91089,51.67806],[10.94087,51.67922],[10.94955,51.68075],[10.95072,51.67949],[10.94038,51.67681],[10.94092,51.6733],[10.93577,51.67234],[10.93593,51.67039],[10.94244,51.67073],[10.94131,51.66868],[10.93178,51.66675],[10.93624,51.66591],[10.93329,51.66324],[10.94857,51.6642],[10.95283,51.66122],[10.9613,51.6673],[10.96684,51.66446],[10.9743,51.66444],[10.97594,51.67029],[10.98884,51.67162],[11.01571,51.67971],[11.01772,51.6782],[11.02182,51.67911],[11.02896,51.67819],[11.03544,51.67211],[11.04554,51.6792],[11.06229,51.67956],[11.07066,51.67638],[11.07287,51.67914],[11.08533,51.67839],[11.0938,51.68017],[11.1065,51.67603],[11.11308,51.67584],[11.12146,51.66896],[11.12227,51.66973],[11.12226,51.66566],[11.12792,51.66416],[11.13193,51.66552],[11.12826,51.66778],[11.12873,51.66962],[11.13184,51.67053],[11.13262,51.66941],[11.13428,51.67019],[11.13374,51.66848],[11.1417,51.66619],[11.14671,51.66643],[11.14906,51.66898],[11.14996,51.66484],[11.16136,51.66555],[11.16423,51.66806],[11.16854,51.66893],[11.16835,51.67212],[11.17615,51.67496],[11.20562,51.67066],[11.2038,51.66711],[11.20756,51.66485],[11.21349,51.66476],[11.21558,51.66106],[11.22509,51.65947],[11.22847,51.65357],[11.23544,51.65295],[11.23414,51.64893],[11.23819,51.64198],[11.23444,51.6425],[11.23377,51.64152],[11.23499,51.63794],[11.23327,51.63683],[11.23723,51.63572],[11.23507,51.62799],[11.23796,51.62682],[11.24643,51.63099],[11.2498,51.62133],[11.24166,51.61921],[11.24315,51.61563],[11.24689,51.61643],[11.2435,51.61498],[11.2427,51.61191],[11.25255,51.61027],[11.23421,51.607],[11.23146,51.6045],[11.23338,51.59796],[11.22919,51.5976],[11.2299,51.59537],[11.22677,51.5952],[11.2208,51.59106],[11.2135,51.58956],[11.20957,51.59148],[11.20627,51.59034],[11.20343,51.59408],[11.20007,51.59326],[11.19785,51.59036]]],[[[11.20255,51.58879],[11.20256,51.58879],[11.20256,51.58879],[11.20255,51.58879]]],[[[11.20642,51.58786],[11.20388,51.58782],[11.20256,51.58879],[11.20642,51.58786]]]]}},{"type":"Feature","properties":{"nr":17,"name":"Quedlinburg"},"geometry":{"type":"MultiPolygon","coordinates":[[[[11.34014,51.90419],[11.34031,51.90062],[11.32836,51.88725],[11.33437,51.88481],[11.33846,51.87949],[11.34465,51.87545],[11.34213,51.87589],[11.33879,51.87406],[11.33724,51.87595],[11.33195,51.87536],[11.33655,51.87165],[11.33256,51.86887],[11.33799,51.86441],[11.33668,51.86199],[11.33006,51.85985],[11.33126,51.85814],[11.32713,51.85472],[11.33121,51.85221],[11.33431,51.85577],[11.33838,51.85325],[11.33453,51.84675],[11.32676,51.84684],[11.32312,51.84909],[11.32018,51.84824],[11.31872,51.83812],[11.3097,51.83912],[11.30863,51.8354],[11.30339,51.83599],[11.29673,51.83086],[11.2932,51.83125],[11.29148,51.8291],[11.27954,51.83277],[11.27772,51.82977],[11.27527,51.83239],[11.26696,51.83453],[11.26391,51.82747],[11.26193,51.82862],[11.25397,51.81965],[11.25673,51.81284],[11.24221,51.80777],[11.25312,51.79967],[11.27314,51.79439],[11.27116,51.78508],[11.27803,51.77252],[11.27725,51.77054],[11.28387,51.76702],[11.28871,51.76671],[11.29802,51.76151],[11.29737,51.75935],[11.30191,51.75946],[11.29775,51.75806],[11.29841,51.7542],[11.30112,51.75425],[11.30132,51.75231],[11.30381,51.75242],[11.30616,51.74979],[11.30972,51.74978],[11.3126,51.7474],[11.31122,51.74034],[11.30828,51.74007],[11.30475,51.74261],[11.30682,51.73218],[11.28768,51.72895],[11.28816,51.72106],[11.27497,51.7207],[11.27535,51.71872],[11.2689,51.71277],[11.26976,51.70844],[11.26285,51.70381],[11.25527,51.70184],[11.24826,51.69593],[11.24749,51.69133],[11.24121,51.69195],[11.2325,51.6902],[11.21571,51.68987],[11.20543,51.68722],[11.20886,51.68026],[11.20463,51.67552],[11.20562,51.67066],[11.17615,51.67496],[11.16835,51.67212],[11.16854,51.66893],[11.16423,51.66806],[11.16136,51.66555],[11.14996,51.66484],[11.14906,51.66898],[11.14671,51.66643],[11.1417,51.66619],[11.13374,51.66848],[11.13428,51.67019],[11.13262,51.66941],[11.13184,51.67053],[11.12873,51.66962],[11.12826,51.66778],[11.13193,51.66552],[11.12792,51.66416],[11.12226,51.66566],[11.12227,51.66973],[11.12146,51.66896],[11.11308,51.67584],[11.1065,51.67603],[11.0938,51.68017],[11.08533,51.67839],[11.07287,51.67914],[11.07066,51.67638],[11.06229,51.67956],[11.04554,51.6792],[11.03544,51.67211],[11.02896,51.67819],[11.02182,51.67911],[11.01772,51.6782],[11.01571,51.67971],[10.98884,51.67162],[10.97594,51.67029],[10.9743,51.66444],[10.96684,51.66446],[10.9613,51.6673],[10.95283,51.66122],[10.94857,51.6642],[10.93329,51.66324],[10.93624,51.66591],[10.93178,51.66675],[10.94131,51.66868],[10.94244,51.67073],[10.93593,51.67039],[10.93577,51.67234],[10.94092,51.6733],[10.94038,51.67681],[10.95072,51.67949],[10.94955,51.68075],[10.94087,51.67922],[10.91089,51.67806],[10.909,51.67989],[10.91223,51.68345],[10.90507,51.68595],[10.90696,51.68897],[10.91095,51.68689],[10.91042,51.69219],[10.89651,51.6889],[10.89601,51.6918],[10.90255,51.69272],[10.90465,51.69497],[10.92915,51.69332],[10.94053,51.69431],[10.9416,51.69633],[10.92929,51.69958],[10.92019,51.69897],[10.91986,51.70106],[10.9126,51.7041],[10.9116,51.7103],[10.91326,51.71628],[10.91577,51.71772],[10.91361,51.71984],[10.91673,51.72472],[10.89912,51.72802],[10.89316,51.72681],[10.89049,51.72971],[10.88736,51.73032],[10.88662,51.73267],[10.88981,51.73431],[10.89033,51.73744],[10.90252,51.74404],[10.89935,51.745],[10.90017,51.74716],[10.91039,51.74828],[10.91242,51.7519],[10.91634,51.7517],[10.91832,51.75374],[10.92462,51.75045],[10.93416,51.75298],[10.93738,51.74982],[10.93444,51.74842],[10.94318,51.74263],[10.94549,51.73815],[10.9619,51.74045],[10.96482,51.73746],[10.96765,51.73719],[10.97988,51.73985],[10.9831,51.7425],[10.98255,51.74542],[10.9859,51.74728],[10.98963,51.74653],[10.99288,51.74921],[10.99863,51.74666],[11.00211,51.74029],[11.00722,51.74498],[11.01515,51.74797],[11.01296,51.75105],[11.01651,51.75343],[11.0128,51.75314],[11.00935,51.75617],[11.01383,51.75833],[11.01298,51.76251],[11.00984,51.76346],[11.0298,51.76161],[11.02895,51.76341],[11.03013,51.76537],[11.03272,51.76475],[11.03446,51.77023],[11.03391,51.77544],[11.03148,51.77557],[11.03106,51.7786],[11.03645,51.78133],[11.03792,51.78745],[11.03288,51.78608],[11.02284,51.78762],[11.02259,51.78279],[11.01862,51.78447],[11.01618,51.78222],[11.01185,51.7838],[11.01402,51.78591],[11.0171,51.78497],[11.01966,51.78788],[11.01884,51.78976],[11.02245,51.79247],[11.01982,51.79356],[11.02423,51.79689],[11.01776,51.79936],[11.01536,51.79684],[11.01079,51.80508],[11.01864,51.80653],[11.01888,51.80828],[11.0312,51.80831],[11.03322,51.81503],[11.04034,51.81438],[11.04908,51.82524],[11.05456,51.82496],[11.05825,51.83436],[11.05757,51.83969],[11.07259,51.859],[11.07485,51.871],[11.07799,51.87234],[11.08484,51.87223],[11.07729,51.87598],[11.07755,51.87867],[11.0861,51.88594],[11.08639,51.89238],[11.10922,51.89039],[11.11107,51.89581],[11.12243,51.89512],[11.12672,51.9028],[11.13368,51.902],[11.13978,51.89936],[11.14399,51.90467],[11.15484,51.91043],[11.16593,51.9115],[11.16931,51.91046],[11.17481,51.91697],[11.18027,51.91938],[11.17961,51.92198],[11.18319,51.92069],[11.19076,51.92653],[11.19394,51.92438],[11.19485,51.92622],[11.19723,51.9263],[11.20519,51.9243],[11.20835,51.92276],[11.2103,51.91742],[11.22242,51.91913],[11.22635,51.9087],[11.24964,51.90147],[11.2518,51.89727],[11.25721,51.89674],[11.26118,51.89347],[11.2722,51.89563],[11.27391,51.89285],[11.27776,51.89476],[11.27622,51.89755],[11.2722,51.89675],[11.2597,51.89855],[11.25935,51.9031],[11.26919,51.90188],[11.27489,51.90512],[11.27378,51.90814],[11.28217,51.90535],[11.29648,51.90524],[11.29468,51.90683],[11.29692,51.90976],[11.29997,51.90866],[11.29845,51.90457],[11.31133,51.89973],[11.31579,51.90407],[11.32531,51.89995],[11.33115,51.90561],[11.34014,51.90419]]]]}},{"type":"Feature","properties":{"nr":18,"name":"Aschersleben"},"geometry":{"type":"MultiPolygon","coordinates":[[[[11.20562,51.67066],[11.20463,51.67552],[11.20886,51.68026],[11.20543,51.68722],[11.21571,51.68987],[11.2325,51.6902],[11.24121,51.69195],[11.24749,51.69133],[11.24826,51.69593],[11.25527,51.70184],[11.26285,51.70381],[11.26976,51.70844],[11.2689,51.71277],[11.27535,51.71872],[11.27497,51.7207],[11.28816,51.72106],[11.28768,51.72895],[11.30682,51.73218],[11.30475,51.74261],[11.30828,51.74007],[11.31122,51.74034],[11.3126,51.7474],[11.30972,51.74978],[11.30616,51.74979],[11.30381,51.75242],[11.30132,51.75231],[11.30112,51.75425],[11.29841,51.7542],[11.29775,51.75806],[11.30191,51.75946],[11.29737,51.75935],[11.29802,51.76151],[11.28871,51.76671],[11.28387,51.76702],[11.27725,51.77054],[11.27803,51.77252],[11.27116,51.78508],[11.27314,51.79439],[11.25312,51.79967],[11.24221,51.80777],[11.25673,51.81284],[11.25397,51.81965],[11.26193,51.82862],[11.26391,51.82747],[11.26696,51.83453],[11.27527,51.83239],[11.27772,51.82977],[11.27954,51.83277],[11.29148,51.8291],[11.2932,51.83125],[11.29673,51.83086],[11.30339,51.83599],[11.30863,51.8354],[11.3097,51.83912],[11.31872,51.83812],[11.32018,51.84824],[11.32312,51.84909],[11.32676,51.84684],[11.33416,51.84646],[11.33838,51.85325],[11.33431,51.85577],[11.33121,51.85221],[11.32713,51.85472],[11.33126,51.85814],[11.33006,51.85985],[11.33668,51.86199],[11.33799,51.86441],[11.33256,51.86887],[11.33655,51.87165],[11.33195,51.87536],[11.33724,51.87595],[11.33879,51.87406],[11.34831,51.87699],[11.35011,51.87685],[11.35135,51.86986],[11.36875,51.87059],[11.36658,51.86617],[11.3725,51.86262],[11.3785,51.86266],[11.37691,51.85749],[11.3837,51.85068],[11.38153,51.84639],[11.38805,51.84507],[11.386,51.84075],[11.40063,51.83774],[11.40277,51.84191],[11.4066,51.84159],[11.40978,51.84556],[11.41895,51.84125],[11.43086,51.84428],[11.43279,51.84265],[11.45398,51.84697],[11.4536,51.84883],[11.46563,51.85059],[11.46482,51.84797],[11.47396,51.84616],[11.47604,51.83992],[11.48355,51.8403],[11.48463,51.83466],[11.48815,51.83431],[11.48718,51.82385],[11.49031,51.82396],[11.48814,51.80603],[11.48237,51.79698],[11.49108,51.79641],[11.48954,51.79279],[11.51695,51.79137],[11.52667,51.77187],[11.52838,51.77206],[11.53004,51.76887],[11.53715,51.76881],[11.5412,51.76113],[11.54562,51.76158],[11.54777,51.75875],[11.54976,51.75889],[11.55029,51.75611],[11.56145,51.75901],[11.56496,51.75563],[11.56728,51.75605],[11.56838,51.75219],[11.57892,51.7487],[11.59709,51.7484],[11.6164,51.74594],[11.61438,51.73852],[11.60449,51.73695],[11.60576,51.73422],[11.59978,51.73293],[11.60013,51.7315],[11.62369,51.73219],[11.62215,51.71454],[11.6236,51.71432],[11.61586,51.70418],[11.62619,51.70591],[11.63473,51.70056],[11.63594,51.69451],[11.62673,51.69474],[11.62937,51.69065],[11.62662,51.68987],[11.62227,51.69058],[11.61809,51.69454],[11.61051,51.69121],[11.61266,51.67687],[11.60816,51.67662],[11.60817,51.67285],[11.60406,51.67298],[11.60372,51.66812],[11.60463,51.66454],[11.60875,51.66329],[11.60485,51.661],[11.59845,51.66122],[11.5999,51.65966],[11.59655,51.65834],[11.59537,51.65519],[11.57903,51.64819],[11.57431,51.65329],[11.56325,51.64932],[11.56295,51.65496],[11.55277,51.6517],[11.54952,51.65754],[11.53524,51.65382],[11.53467,51.65585],[11.52645,51.65619],[11.52503,51.65825],[11.52704,51.6588],[11.5275,51.66308],[11.52165,51.65974],[11.51328,51.66359],[11.51066,51.66296],[11.50831,51.66418],[11.50965,51.66521],[11.50607,51.6676],[11.50091,51.6683],[11.49929,51.67067],[11.48772,51.67158],[11.4859,51.67593],[11.48263,51.67504],[11.47559,51.6801],[11.47077,51.67611],[11.445,51.6632],[11.44361,51.66079],[11.44641,51.6571],[11.44302,51.6564],[11.44451,51.65067],[11.43781,51.64543],[11.4375,51.64653],[11.43144,51.64449],[11.42996,51.64007],[11.42644,51.63962],[11.43238,51.63298],[11.44046,51.6339],[11.44839,51.62862],[11.44522,51.62608],[11.42814,51.62426],[11.43822,51.62471],[11.4388,51.6212],[11.42994,51.61962],[11.42675,51.62317],[11.41959,51.62048],[11.4112,51.62285],[11.39644,51.62173],[11.3921,51.62372],[11.37949,51.62177],[11.37708,51.62272],[11.37925,51.62165],[11.37755,51.6207],[11.34686,51.61055],[11.3454,51.61473],[11.34013,51.61694],[11.3487,51.6255],[11.34484,51.63561],[11.35117,51.64455],[11.35156,51.64852],[11.34928,51.65036],[11.34367,51.65014],[11.33757,51.65327],[11.33279,51.64914],[11.32523,51.64909],[11.32371,51.65051],[11.31876,51.6488],[11.30813,51.64852],[11.30693,51.65472],[11.30907,51.65544],[11.30593,51.66175],[11.29137,51.66037],[11.289,51.6597],[11.29435,51.65712],[11.29242,51.65573],[11.2941,51.65055],[11.28761,51.65069],[11.28635,51.64847],[11.27891,51.64999],[11.28156,51.64531],[11.27843,51.64438],[11.27503,51.64651],[11.27137,51.6436],[11.26977,51.64677],[11.2644,51.64565],[11.25796,51.64679],[11.25542,51.64319],[11.25186,51.64279],[11.25237,51.63948],[11.25004,51.63867],[11.23828,51.64293],[11.23414,51.64893],[11.23544,51.65295],[11.22847,51.65357],[11.22509,51.65947],[11.21558,51.66106],[11.21349,51.66476],[11.20825,51.66455],[11.2038,51.66711],[11.20562,51.67066]]]]}},{"type":"Feature","properties":{"nr":19,"name":"Staßfurt"},"geometry":{"type":"MultiPolygon","coordinates":[[[[11.34106,51.90173],[11.3392,51.90448],[11.34082,51.90365],[11.34106,51.90173]]],[[[11.34106,51.90173],[11.3463,51.9135],[11.35478,51.91462],[11.35328,51.9171],[11.36565,51.92862],[11.36044,51.93041],[11.36257,51.93376],[11.37333,51.93347],[11.37307,51.94055],[11.36085,51.94049],[11.36532,51.94876],[11.35183,51.95044],[11.35287,51.95252],[11.34926,51.95343],[11.35281,51.96074],[11.34473,51.96233],[11.35917,51.976],[11.3655,51.9796],[11.37184,51.9743],[11.37946,51.98318],[11.38443,51.97942],[11.38497,51.98142],[11.39786,51.97948],[11.40142,51.98212],[11.4003,51.98615],[11.4029,51.98655],[11.40511,51.9894],[11.40954,52.00119],[11.41301,52.00083],[11.4136,52.00469],[11.42592,52.00444],[11.42647,52.00587],[11.43603,52.00584],[11.43654,52.00698],[11.44677,52.00675],[11.44728,51.99137],[11.44997,51.99146],[11.45044,51.98814],[11.45919,51.98819],[11.45887,51.98501],[11.48151,51.98165],[11.48225,51.97828],[11.49338,51.97602],[11.49142,51.9725],[11.5057,51.96849],[11.50968,51.96599],[11.50872,51.96287],[11.51648,51.96233],[11.51651,51.96336],[11.52061,51.96349],[11.52084,51.96252],[11.52717,51.96406],[11.57361,51.96756],[11.59705,51.9658],[11.60319,51.96948],[11.60851,51.95253],[11.61932,51.95286],[11.61845,51.94864],[11.63063,51.94638],[11.62281,51.93124],[11.64238,51.92943],[11.64186,51.92713],[11.65151,51.92651],[11.66145,51.9203],[11.66402,51.92679],[11.67167,51.92586],[11.67434,51.93192],[11.69753,51.931],[11.70033,51.92111],[11.69899,51.91325],[11.70713,51.91367],[11.70837,51.91085],[11.72586,51.90701],[11.72435,51.90525],[11.74283,51.90369],[11.74361,51.9015],[11.73547,51.90178],[11.72851,51.88192],[11.71914,51.87611],[11.71594,51.87667],[11.71332,51.87131],[11.69452,51.87132],[11.69176,51.86965],[11.68779,51.87653],[11.68736,51.87368],[11.67421,51.86837],[11.69255,51.85937],[11.69119,51.85592],[11.69339,51.85558],[11.67586,51.8536],[11.66487,51.85693],[11.66448,51.85526],[11.66937,51.85434],[11.66745,51.8405],[11.66024,51.83235],[11.65845,51.8326],[11.66414,51.82702],[11.65156,51.82439],[11.65094,51.82035],[11.64105,51.82096],[11.64421,51.81054],[11.62875,51.81172],[11.6279,51.81049],[11.61207,51.81308],[11.6053,51.81706],[11.60156,51.82937],[11.59518,51.82908],[11.59444,51.82118],[11.59405,51.82237],[11.58729,51.82276],[11.57865,51.81126],[11.57025,51.81075],[11.56977,51.80423],[11.55154,51.80613],[11.54912,51.79854],[11.53473,51.79898],[11.52833,51.79756],[11.52901,51.79969],[11.51269,51.8022],[11.51373,51.80602],[11.50837,51.8063],[11.51153,51.81014],[11.51479,51.8101],[11.48941,51.81639],[11.49031,51.82396],[11.48718,51.82385],[11.48667,51.82982],[11.48815,51.83431],[11.48463,51.83466],[11.48355,51.8403],[11.47604,51.83992],[11.47396,51.84616],[11.46482,51.84797],[11.46563,51.85059],[11.4536,51.84883],[11.45398,51.84697],[11.43279,51.84265],[11.43086,51.84428],[11.41895,51.84125],[11.40978,51.84556],[11.4066,51.84159],[11.40277,51.84191],[11.40063,51.83774],[11.386,51.84075],[11.38805,51.84507],[11.38153,51.84639],[11.3837,51.85068],[11.37691,51.85749],[11.3785,51.86266],[11.3725,51.86262],[11.36658,51.86617],[11.36875,51.87059],[11.35135,51.86986],[11.35011,51.87685],[11.34465,51.87545],[11.33846,51.87949],[11.33437,51.88481],[11.32836,51.88725],[11.34106,51.90173]]]]}},{"type":"Feature","properties":{"nr":20,"name":"Schönebeck"},"geometry":{"type":"MultiPolygon","coordinates":[[[[11.86784,51.84936],[11.85719,51.8378],[11.82893,51.85924],[11.82978,51.87056],[11.81581,51.87705],[11.8141,51.87272],[11.78327,51.88102],[11.77575,51.87974],[11.76939,51.87637],[11.76482,51.86868],[11.76475,51.8634],[11.72517,51.86736],[11.72554,51.86872],[11.7179,51.8701],[11.71805,51.87157],[11.71354,51.87176],[11.715,51.87501],[11.71594,51.87667],[11.71914,51.87611],[11.72851,51.88192],[11.73547,51.90178],[11.74361,51.9015],[11.74283,51.90369],[11.72435,51.90525],[11.72586,51.90701],[11.70837,51.91085],[11.70713,51.91367],[11.69899,51.91325],[11.70033,51.92111],[11.69753,51.931],[11.67434,51.93192],[11.67167,51.92586],[11.66402,51.92679],[11.66145,51.9203],[11.65151,51.92651],[11.64186,51.92713],[11.64238,51.92943],[11.62281,51.93124],[11.63063,51.94638],[11.61845,51.94864],[11.61932,51.95286],[11.60851,51.95253],[11.60319,51.96948],[11.60626,51.99163],[11.60153,52.01971],[11.60369,52.0197],[11.60487,52.02169],[11.62388,52.02148],[11.61996,52.02976],[11.64098,52.03026],[11.64588,52.02375],[11.65079,52.02896],[11.65179,52.02818],[11.66168,52.03278],[11.65988,52.03553],[11.66156,52.03393],[11.66363,52.03493],[11.66144,52.03578],[11.66456,52.03573],[11.66353,52.03767],[11.67292,52.0396],[11.67463,52.04188],[11.68028,52.04267],[11.6946,52.04994],[11.7084,52.0418],[11.7133,52.04484],[11.72149,52.03962],[11.72623,52.03947],[11.73349,52.0422],[11.73285,52.04465],[11.74156,52.04705],[11.73298,52.05105],[11.73299,52.05443],[11.73712,52.05524],[11.74608,52.0531],[11.74875,52.0562],[11.74886,52.06241],[11.75657,52.06421],[11.75456,52.07006],[11.74883,52.07266],[11.75266,52.07352],[11.76245,52.07308],[11.76573,52.06881],[11.77046,52.06709],[11.77329,52.06715],[11.77601,52.06997],[11.78046,52.06736],[11.80091,52.06859],[11.81493,52.06258],[11.83378,52.06329],[11.84955,52.05678],[11.84839,52.0561],[11.85406,52.05186],[11.84886,52.04941],[11.84785,52.04311],[11.83643,52.04418],[11.83866,52.04184],[11.83694,52.03721],[11.84846,52.03431],[11.85023,52.02907],[11.86188,52.02584],[11.86982,52.02688],[11.87566,52.02554],[11.88776,52.01318],[11.89125,52.00258],[11.88358,51.98775],[11.88362,51.98046],[11.88595,51.97639],[11.90198,51.96602],[11.91341,51.95578],[11.92711,51.95035],[11.9341,51.9456],[11.94768,51.93282],[11.96542,51.92546],[11.96955,51.91253],[12.01348,51.88838],[12.02006,51.87909],[12.01928,51.87352],[12.01708,51.87325],[12.01004,51.87795],[12.00415,51.87948],[11.99577,51.87189],[11.98756,51.87226],[11.98869,51.8736],[11.98149,51.87589],[11.97831,51.87315],[11.97329,51.87276],[11.97714,51.86908],[11.96677,51.86702],[11.95893,51.86904],[11.94915,51.87603],[11.93844,51.87759],[11.93716,51.88155],[11.92504,51.88112],[11.92191,51.87937],[11.92717,51.87461],[11.91798,51.87325],[11.91561,51.871],[11.90996,51.87184],[11.91185,51.86636],[11.88973,51.85917],[11.88098,51.85482],[11.87886,51.85673],[11.86918,51.85054],[11.86591,51.85292],[11.86412,51.85038],[11.86784,51.84936]]]]}},{"type":"Feature","properties":{"nr":21,"name":"Bernburg"},"geometry":{"type":"MultiPolygon","coordinates":[[[[11.48956,51.81637],[11.51479,51.8101],[11.51153,51.81014],[11.50837,51.8063],[11.51373,51.80602],[11.51269,51.8022],[11.52901,51.79969],[11.52833,51.79756],[11.53473,51.79898],[11.54912,51.79854],[11.55154,51.80613],[11.56977,51.80423],[11.57025,51.81075],[11.57865,51.81126],[11.58729,51.82276],[11.59405,51.82237],[11.59444,51.82118],[11.59518,51.82908],[11.60156,51.82937],[11.6053,51.81706],[11.61207,51.81308],[11.6279,51.81049],[11.62875,51.81172],[11.64421,51.81054],[11.64105,51.82096],[11.65094,51.82035],[11.65156,51.82439],[11.66414,51.82702],[11.65845,51.8326],[11.66024,51.83235],[11.66745,51.8405],[11.66937,51.85434],[11.66448,51.85526],[11.66487,51.85693],[11.67586,51.8536],[11.69339,51.85558],[11.69119,51.85592],[11.69255,51.85937],[11.67421,51.86837],[11.68736,51.87368],[11.68725,51.87641],[11.69176,51.86965],[11.69452,51.87132],[11.71805,51.87157],[11.7179,51.8701],[11.72554,51.86872],[11.72517,51.86736],[11.76153,51.86308],[11.76475,51.8634],[11.76482,51.86868],[11.76994,51.87706],[11.78327,51.88102],[11.8141,51.87272],[11.81581,51.87705],[11.82702,51.8727],[11.82978,51.87056],[11.82839,51.86804],[11.83039,51.86768],[11.82928,51.85882],[11.86132,51.83388],[11.87498,51.82543],[11.87348,51.82199],[11.88264,51.81931],[11.88102,51.81053],[11.87798,51.81053],[11.87264,51.80337],[11.86833,51.80469],[11.86406,51.79609],[11.85855,51.79929],[11.84748,51.79954],[11.84673,51.79774],[11.8558,51.7964],[11.85708,51.78955],[11.85649,51.78578],[11.85112,51.7869],[11.84898,51.77977],[11.86725,51.78299],[11.87203,51.77857],[11.86358,51.7736],[11.86664,51.7723],[11.86718,51.76924],[11.87233,51.76957],[11.87434,51.76632],[11.87773,51.7666],[11.87787,51.76519],[11.89101,51.76517],[11.89099,51.76332],[11.90442,51.76335],[11.90312,51.76045],[11.89037,51.76072],[11.88469,51.75064],[11.86852,51.75035],[11.8666,51.74103],[11.8603,51.74141],[11.85499,51.73949],[11.85704,51.73171],[11.8563,51.71869],[11.8608,51.71801],[11.85011,51.71359],[11.85144,51.71061],[11.84671,51.71016],[11.84694,51.70254],[11.84262,51.68781],[11.83955,51.68672],[11.83867,51.6834],[11.8468,51.68235],[11.85185,51.67951],[11.86206,51.67825],[11.8656,51.67494],[11.86519,51.67286],[11.86299,51.67459],[11.86089,51.67139],[11.8574,51.67225],[11.85724,51.66656],[11.85316,51.66015],[11.85033,51.66027],[11.84903,51.65425],[11.85432,51.65452],[11.85456,51.6501],[11.8375,51.65039],[11.83665,51.6551],[11.82386,51.65831],[11.81697,51.65066],[11.81914,51.64903],[11.80876,51.64884],[11.80916,51.64748],[11.7979,51.6428],[11.78964,51.64551],[11.78565,51.64532],[11.78509,51.6476],[11.7655,51.64844],[11.76207,51.65126],[11.75823,51.65127],[11.74403,51.64397],[11.75276,51.6364],[11.75125,51.63246],[11.74472,51.62882],[11.71995,51.62932],[11.71896,51.63564],[11.71268,51.63585],[11.71075,51.63711],[11.71249,51.63971],[11.7088,51.64296],[11.69317,51.64904],[11.66168,51.65136],[11.63303,51.65642],[11.63334,51.65299],[11.62608,51.65272],[11.6256,51.65926],[11.60463,51.66454],[11.60372,51.66812],[11.60406,51.67298],[11.60817,51.67285],[11.60816,51.67662],[11.61266,51.67687],[11.61051,51.69121],[11.61809,51.69454],[11.62227,51.69058],[11.62662,51.68987],[11.62937,51.69065],[11.62673,51.69474],[11.63594,51.69451],[11.63473,51.70056],[11.62619,51.70591],[11.61586,51.70418],[11.6236,51.71432],[11.62215,51.71454],[11.62369,51.73219],[11.60013,51.7315],[11.59978,51.73293],[11.60576,51.73422],[11.60449,51.73695],[11.61438,51.73852],[11.6164,51.74594],[11.59709,51.7484],[11.57892,51.7487],[11.56838,51.75219],[11.56728,51.75605],[11.56496,51.75563],[11.56145,51.75901],[11.55029,51.75611],[11.54976,51.75889],[11.54777,51.75875],[11.54562,51.76158],[11.5412,51.76113],[11.53715,51.76881],[11.53004,51.76887],[11.52838,51.77206],[11.52667,51.77187],[11.51695,51.79137],[11.48954,51.79279],[11.49108,51.79641],[11.48237,51.79698],[11.48814,51.80603],[11.48956,51.81637]]]]}},{"type":"Feature","properties":{"nr":22,"name":"Köthen"},"geometry":{"type":"MultiPolygon","coordinates":[[[[11.87353,51.66738],[11.86206,51.67825],[11.85185,51.67951],[11.8468,51.68235],[11.83867,51.6834],[11.83955,51.68672],[11.84262,51.68781],[11.84694,51.70254],[11.84671,51.71016],[11.85144,51.71061],[11.85011,51.71359],[11.8608,51.71801],[11.8563,51.71869],[11.85704,51.73171],[11.85499,51.73949],[11.8603,51.74141],[11.8666,51.74103],[11.86852,51.75035],[11.88289,51.75071],[11.89128,51.74931],[11.89659,51.74282],[11.90383,51.74121],[11.91782,51.74094],[11.91775,51.74344],[11.93485,51.74129],[11.93795,51.75144],[11.94592,51.76315],[11.95495,51.78329],[11.95207,51.78369],[11.95314,51.79159],[11.96132,51.79018],[11.96378,51.79247],[11.97078,51.78893],[11.97482,51.78864],[11.97564,51.79172],[11.98832,51.79096],[11.99708,51.78623],[12.00699,51.78461],[12.00359,51.78051],[12.02851,51.7758],[12.03263,51.7732],[12.03402,51.77627],[12.03651,51.77617],[12.03797,51.77032],[12.05731,51.77391],[12.0776,51.78138],[12.07109,51.78834],[12.07275,51.79125],[12.07301,51.78705],[12.07546,51.78705],[12.07884,51.78208],[12.08365,51.78412],[12.09042,51.78326],[12.09761,51.77657],[12.09514,51.77543],[12.09927,51.77021],[12.10953,51.76424],[12.11431,51.75536],[12.11827,51.75443],[12.12354,51.75511],[12.11595,51.7679],[12.12826,51.77505],[12.14541,51.77558],[12.15166,51.77431],[12.15808,51.77605],[12.22858,51.757],[12.22816,51.76579],[12.23987,51.78519],[12.24289,51.78373],[12.24268,51.78488],[12.24586,51.78508],[12.2473,51.78405],[12.26779,51.78466],[12.26612,51.78354],[12.26783,51.78127],[12.26881,51.78267],[12.27566,51.78326],[12.27953,51.78793],[12.2777,51.78973],[12.27335,51.78921],[12.27387,51.79112],[12.28137,51.80008],[12.28648,51.79685],[12.28323,51.78974],[12.29365,51.78942],[12.29594,51.78795],[12.29548,51.78585],[12.29239,51.78504],[12.28995,51.77714],[12.29734,51.77277],[12.29767,51.76867],[12.30135,51.76755],[12.30004,51.76015],[12.30698,51.75738],[12.30511,51.75142],[12.31079,51.74661],[12.3067,51.74312],[12.31156,51.74263],[12.31416,51.74072],[12.31904,51.74074],[12.32274,51.73641],[12.32215,51.7334],[12.33605,51.7339],[12.33618,51.7295],[12.32808,51.72959],[12.32793,51.7268],[12.32447,51.7265],[12.32714,51.71751],[12.34841,51.71982],[12.35348,51.71379],[12.35486,51.71432],[12.35495,51.71149],[12.36398,51.70692],[12.35611,51.70443],[12.34486,51.70363],[12.3506,51.68449],[12.36059,51.68558],[12.36956,51.69151],[12.37085,51.69464],[12.38455,51.69843],[12.39767,51.69424],[12.40401,51.69404],[12.41425,51.69549],[12.41927,51.69895],[12.43392,51.70366],[12.44357,51.70329],[12.45909,51.70558],[12.47308,51.70305],[12.47523,51.70139],[12.47144,51.6932],[12.47187,51.68998],[12.47373,51.69014],[12.47408,51.68243],[12.49522,51.68242],[12.4975,51.67071],[12.50886,51.66716],[12.5169,51.66054],[12.52901,51.66438],[12.54918,51.66402],[12.54976,51.66846],[12.57398,51.66737],[12.57095,51.65173],[12.57207,51.64806],[12.56943,51.6427],[12.56629,51.6424],[12.56944,51.64163],[12.57054,51.63717],[12.55932,51.63803],[12.56136,51.63553],[12.5759,51.6304],[12.57499,51.62718],[12.58041,51.62604],[12.57469,51.6154],[12.5703,51.61686],[12.56238,51.61357],[12.56007,51.60903],[12.56154,51.60819],[12.55061,51.60924],[12.54154,51.60746],[12.54455,51.60397],[12.54068,51.60236],[12.53665,51.60238],[12.53376,51.60617],[12.52737,51.60499],[12.52351,51.60689],[12.5163,51.60563],[12.50687,51.6085],[12.50337,51.60457],[12.49633,51.60519],[12.4946,51.60398],[12.49764,51.60301],[12.4977,51.59671],[12.49018,51.59824],[12.48239,51.5926],[12.47747,51.5961],[12.48755,51.60103],[12.48526,51.60442],[12.47065,51.60522],[12.46039,51.6033],[12.45104,51.60636],[12.44917,51.60968],[12.44468,51.61033],[12.43893,51.60514],[12.43253,51.60648],[12.43334,51.60393],[12.43825,51.60244],[12.43683,51.59956],[12.43403,51.59938],[12.43349,51.5976],[12.42735,51.59925],[12.42386,51.58799],[12.42565,51.58776],[12.42537,51.58205],[12.41663,51.58301],[12.4116,51.58181],[12.39721,51.58491],[12.396,51.58701],[12.38565,51.58983],[12.39211,51.59908],[12.38336,51.60258],[12.38197,51.60743],[12.38256,51.61177],[12.39223,51.61256],[12.39428,51.61479],[12.38944,51.61424],[12.38731,51.61541],[12.38927,51.6244],[12.37836,51.61506],[12.36775,51.62426],[12.35511,51.6237],[12.35118,51.62527],[12.3517,51.62915],[12.36002,51.6318],[12.35987,51.63326],[12.35693,51.63282],[12.35477,51.63523],[12.35278,51.63387],[12.35097,51.63631],[12.35756,51.64007],[12.35815,51.64267],[12.35094,51.64948],[12.34686,51.64521],[12.34298,51.64504],[12.34226,51.64731],[12.34878,51.65185],[12.34566,51.6529],[12.33795,51.65227],[12.33619,51.65616],[12.33175,51.65486],[12.32529,51.66253],[12.31187,51.65704],[12.31002,51.65894],[12.30724,51.65883],[12.30516,51.66379],[12.30046,51.66273],[12.30042,51.66103],[12.29931,51.66328],[12.29604,51.66337],[12.29614,51.6656],[12.28969,51.66497],[12.28697,51.66856],[12.28164,51.66853],[12.28025,51.66522],[12.27955,51.67134],[12.27762,51.67058],[12.27703,51.6873],[12.28863,51.68801],[12.28974,51.68875],[12.28931,51.69056],[12.28986,51.69089],[12.29637,51.68942],[12.29802,51.69193],[12.29276,51.69173],[12.28652,51.69697],[12.28732,51.69954],[12.28541,51.70041],[12.28164,51.69836],[12.2789,51.70064],[12.27578,51.70013],[12.27509,51.70392],[12.26946,51.70263],[12.26919,51.70547],[12.25495,51.70515],[12.23646,51.70053],[12.23401,51.70407],[12.22515,51.70172],[12.22051,51.7067],[12.19808,51.71589],[12.18436,51.71141],[12.16833,51.71188],[12.16878,51.71078],[12.16614,51.71029],[12.15312,51.70918],[12.16782,51.69403],[12.16542,51.69356],[12.16666,51.69173],[12.17778,51.69226],[12.17644,51.68856],[12.16105,51.68516],[12.14246,51.67682],[12.12052,51.65829],[12.10985,51.65375],[12.11141,51.65178],[12.08484,51.64741],[12.08327,51.64984],[12.08849,51.65145],[12.08689,51.66542],[12.06977,51.66611],[12.06792,51.66382],[12.06294,51.66549],[12.06104,51.6611],[12.03357,51.66287],[12.02536,51.67092],[12.01384,51.66881],[12.00659,51.64605],[11.97487,51.64652],[11.96816,51.64349],[11.95678,51.64232],[11.94779,51.64322],[11.944,51.6458],[11.93104,51.64658],[11.92486,51.64539],[11.9127,51.64801],[11.90744,51.65244],[11.89416,51.65743],[11.89242,51.65992],[11.88656,51.6621],[11.88601,51.66545],[11.88302,51.66466],[11.87353,51.66738]]]]}},{"type":"Feature","properties":{"nr":23,"name":"Zerbst"},"geometry":{"type":"MultiPolygon","coordinates":[[[[11.85784,51.83762],[11.86591,51.85292],[11.86918,51.85054],[11.87886,51.85673],[11.88098,51.85482],[11.88973,51.85917],[11.90757,51.86419],[11.90622,51.86512],[11.91185,51.86636],[11.90996,51.87184],[11.91561,51.871],[11.91798,51.87325],[11.92731,51.8747],[11.92191,51.87937],[11.92504,51.88112],[11.93716,51.88155],[11.93844,51.87759],[11.94915,51.87603],[11.95893,51.86904],[11.96677,51.86702],[11.97714,51.86908],[11.97329,51.87276],[11.97831,51.87315],[11.98149,51.87589],[11.98869,51.8736],[11.98756,51.87226],[11.99577,51.87189],[12.00415,51.87948],[12.01004,51.87795],[12.01687,51.8733],[12.01928,51.87352],[12.0196,51.8809],[12.01348,51.88838],[11.96955,51.91253],[11.96542,51.92546],[11.94768,51.93282],[11.9341,51.9456],[11.92711,51.95035],[11.91341,51.95578],[11.90198,51.96602],[11.88595,51.97639],[11.88362,51.98046],[11.88358,51.98775],[11.89125,52.00258],[11.88776,52.01318],[11.87566,52.02554],[11.86982,52.02688],[11.86188,52.02584],[11.85023,52.02907],[11.84846,52.03431],[11.83694,52.03721],[11.83866,52.04184],[11.83643,52.04418],[11.84785,52.04311],[11.84886,52.04941],[11.85406,52.05186],[11.84839,52.0561],[11.84955,52.05678],[11.83378,52.06329],[11.81493,52.06258],[11.80234,52.06845],[11.78046,52.06736],[11.77601,52.06997],[11.77329,52.06715],[11.77046,52.06709],[11.76573,52.06881],[11.76206,52.07272],[11.76473,52.07393],[11.76373,52.07667],[11.76635,52.07671],[11.7668,52.07898],[11.75961,52.07886],[11.76248,52.08043],[11.75968,52.08488],[11.74826,52.09331],[11.74409,52.10083],[11.73122,52.09963],[11.72628,52.10125],[11.72973,52.10432],[11.73407,52.10221],[11.74071,52.10573],[11.74544,52.11467],[11.75634,52.12358],[11.7596,52.12912],[11.76602,52.12865],[11.77057,52.12492],[11.79153,52.13],[11.79547,52.13123],[11.79542,52.13264],[11.80104,52.13204],[11.8007,52.134],[11.81225,52.13662],[11.81089,52.14076],[11.81723,52.14101],[11.83533,52.13816],[11.83728,52.14224],[11.8519,52.142],[11.85143,52.13841],[11.86063,52.13157],[11.86081,52.12421],[11.88834,52.12413],[11.89682,52.11618],[11.8916,52.10571],[11.91396,52.10267],[11.92064,52.10457],[11.93345,52.10063],[11.95381,52.09879],[11.96069,52.09622],[11.96309,52.09338],[11.98183,52.09164],[11.99913,52.08787],[11.9951,52.0777],[11.98691,52.0791],[11.98873,52.07345],[11.99287,52.06913],[12.00011,52.06943],[12.00654,52.06657],[12.03228,52.06814],[12.03881,52.06329],[12.05542,52.05727],[12.06094,52.05836],[12.06946,52.06528],[12.07541,52.07336],[12.07453,52.07578],[12.09863,52.07522],[12.10796,52.0721],[12.11829,52.07199],[12.1274,52.06937],[12.13375,52.06915],[12.15616,52.07461],[12.17822,52.07646],[12.18462,52.0787],[12.1952,52.08701],[12.20443,52.08872],[12.20555,52.09772],[12.21247,52.10221],[12.23438,52.10306],[12.26779,52.10021],[12.27648,52.10391],[12.28325,52.10405],[12.2921,52.1012],[12.30043,52.09621],[12.31428,52.09314],[12.31803,52.09082],[12.32108,52.08228],[12.33052,52.06828],[12.34808,52.05927],[12.3594,52.04679],[12.37759,52.04489],[12.37514,52.03178],[12.37723,52.02261],[12.36927,52.02263],[12.36532,52.0278],[12.34949,52.02553],[12.33919,52.0193],[12.33224,52.01206],[12.32971,52.00638],[12.32592,52.00616],[12.32667,52.00365],[12.31982,51.9994],[12.30858,51.99605],[12.29426,51.99706],[12.27836,51.99466],[12.27916,51.99271],[12.26697,51.98881],[12.25558,51.98755],[12.25933,51.98235],[12.25445,51.98161],[12.25466,51.97826],[12.25223,51.97723],[12.25729,51.97732],[12.26265,51.97904],[12.26288,51.98059],[12.27575,51.97902],[12.28015,51.97974],[12.2813,51.97009],[12.26502,51.97037],[12.24976,51.96607],[12.2419,51.96833],[12.22998,51.96883],[12.22965,51.96165],[12.20769,51.96142],[12.20649,51.95641],[12.21179,51.95579],[12.21185,51.94959],[12.20526,51.94875],[12.20756,51.94493],[12.21016,51.94456],[12.21002,51.94154],[12.19825,51.93571],[12.19829,51.93695],[12.18867,51.93403],[12.18845,51.92829],[12.17824,51.92704],[12.17478,51.93049],[12.17066,51.93137],[12.16867,51.92959],[12.16494,51.92996],[12.15466,51.92665],[12.15789,51.92133],[12.16849,51.9203],[12.16919,51.9136],[12.17445,51.91255],[12.17271,51.90961],[12.18456,51.9062],[12.18432,51.9016],[12.17728,51.90179],[12.17738,51.9035],[12.16605,51.90379],[12.16547,51.9021],[12.13832,51.90361],[12.13593,51.89639],[12.12177,51.89796],[12.11472,51.87975],[12.11375,51.87163],[12.13146,51.87159],[12.13477,51.86895],[12.13891,51.86826],[12.14184,51.86939],[12.14387,51.86577],[12.14292,51.84975],[12.13513,51.83913],[12.13313,51.82221],[12.13776,51.82186],[12.139,51.81491],[12.13282,51.81007],[12.12764,51.81036],[12.11806,51.80678],[12.12199,51.79988],[12.11792,51.79925],[12.11999,51.79646],[12.10979,51.79279],[12.11799,51.7914],[12.11582,51.78923],[12.11935,51.78855],[12.12241,51.79048],[12.11957,51.78756],[12.11976,51.78214],[12.13155,51.78051],[12.138,51.7806],[12.13918,51.78227],[12.14316,51.78086],[12.14126,51.77845],[12.14683,51.77734],[12.14541,51.77558],[12.12826,51.77505],[12.11595,51.7679],[12.12354,51.75511],[12.11431,51.75536],[12.10953,51.76424],[12.09927,51.77021],[12.09514,51.77543],[12.09761,51.77657],[12.09042,51.78326],[12.08365,51.78412],[12.07884,51.78208],[12.07546,51.78705],[12.07301,51.78705],[12.07275,51.79125],[12.07109,51.78834],[12.0776,51.78138],[12.05731,51.77391],[12.03797,51.77032],[12.03651,51.77617],[12.03402,51.77627],[12.03263,51.7732],[12.02851,51.7758],[12.00359,51.78051],[12.00699,51.78461],[11.99708,51.78623],[11.98832,51.79096],[11.97564,51.79172],[11.97482,51.78864],[11.97275,51.78874],[11.96378,51.79247],[11.96132,51.79018],[11.95314,51.79159],[11.95207,51.78369],[11.95495,51.78329],[11.94592,51.76315],[11.93795,51.75144],[11.93485,51.74129],[11.91775,51.74344],[11.91782,51.74094],[11.90874,51.74034],[11.89659,51.74282],[11.89128,51.74931],[11.88469,51.75064],[11.89037,51.76072],[11.90312,51.76045],[11.90442,51.76335],[11.89099,51.76332],[11.89101,51.76517],[11.87787,51.76519],[11.87773,51.7666],[11.87434,51.76632],[11.87233,51.76957],[11.86718,51.76924],[11.86664,51.7723],[11.86358,51.7736],[11.87203,51.77857],[11.86725,51.78299],[11.84898,51.77977],[11.85112,51.7869],[11.85649,51.78578],[11.85708,51.78955],[11.8558,51.7964],[11.84673,51.79774],[11.84748,51.79954],[11.85855,51.79929],[11.86406,51.79609],[11.86833,51.80469],[11.87264,51.80337],[11.87798,51.81053],[11.88102,51.81053],[11.88264,51.81931],[11.87348,51.82199],[11.87498,51.82543],[11.85784,51.83762]]]]}},{"type":"Feature","properties":{"nr":24,"name":"Wittenberg"},"geometry":{"type":"MultiPolygon","coordinates":[[[[12.85145,51.92631],[12.85807,51.92336],[12.87863,51.92112],[12.88431,51.90902],[12.90238,51.90855],[12.91056,51.89478],[12.90824,51.88892],[12.90414,51.88693],[12.90102,51.88755],[12.88623,51.87938],[12.89074,51.87756],[12.89094,51.87436],[12.88453,51.87616],[12.88049,51.87482],[12.8676,51.87767],[12.87,51.88605],[12.85537,51.88259],[12.85849,51.87685],[12.85337,51.87431],[12.8552,51.87325],[12.86386,51.87357],[12.86452,51.86091],[12.88457,51.85611],[12.88711,51.85204],[12.8807,51.84434],[12.87059,51.83774],[12.87208,51.83602],[12.876,51.83768],[12.89019,51.82748],[12.88364,51.82114],[12.87911,51.81091],[12.85407,51.81681],[12.85044,51.81119],[12.84703,51.81307],[12.83774,51.80956],[12.83374,51.81094],[12.83025,51.81654],[12.8156,51.81445],[12.81244,51.81856],[12.80496,51.81534],[12.80264,51.82801],[12.78394,51.8327],[12.77624,51.83251],[12.77253,51.83084],[12.76401,51.82126],[12.75818,51.81892],[12.75453,51.81915],[12.74746,51.82297],[12.74829,51.82714],[12.75489,51.83507],[12.75049,51.84073],[12.73127,51.84226],[12.70963,51.8525],[12.69761,51.85506],[12.6932,51.85535],[12.68977,51.8492],[12.68409,51.84991],[12.6811,51.84833],[12.67266,51.85062],[12.66526,51.84752],[12.66594,51.84257],[12.67398,51.83855],[12.68747,51.83765],[12.68783,51.83411],[12.68035,51.83046],[12.68067,51.8275],[12.68458,51.82628],[12.68045,51.8212],[12.67397,51.82452],[12.66926,51.82381],[12.66677,51.82627],[12.66382,51.82671],[12.66404,51.82509],[12.65944,51.82857],[12.65248,51.82941],[12.65302,51.83112],[12.62879,51.83038],[12.62337,51.82754],[12.6183,51.82795],[12.61041,51.83217],[12.61055,51.83733],[12.60889,51.83749],[12.59215,51.83377],[12.59093,51.83227],[12.59663,51.82171],[12.59063,51.82184],[12.59133,51.82581],[12.58723,51.82591],[12.58812,51.82187],[12.5754,51.82142],[12.57461,51.8194],[12.56859,51.82188],[12.56699,51.81902],[12.564,51.81869],[12.56093,51.82029],[12.5604,51.82478],[12.55693,51.82534],[12.54913,51.82215],[12.54684,51.82402],[12.53997,51.82509],[12.53805,51.82896],[12.52304,51.82718],[12.52073,51.83282],[12.51449,51.83565],[12.51864,51.84011],[12.51532,51.84276],[12.50816,51.83976],[12.50535,51.84096],[12.49555,51.84058],[12.49943,51.84463],[12.4965,51.84627],[12.49735,51.85138],[12.4955,51.85359],[12.49879,51.8563],[12.50031,51.85471],[12.50346,51.85521],[12.50859,51.85895],[12.50189,51.86388],[12.50524,51.87408],[12.5032,51.87812],[12.49802,51.88043],[12.49126,51.88037],[12.48804,51.87878],[12.48518,51.87991],[12.48518,51.89939],[12.50201,51.89867],[12.50388,51.90193],[12.52317,51.89653],[12.5293,51.89916],[12.54892,51.89717],[12.55455,51.90246],[12.56103,51.91344],[12.58144,51.92731],[12.58568,51.94149],[12.5856,51.95179],[12.60417,51.97034],[12.60316,51.98139],[12.61523,51.98219],[12.61434,51.99174],[12.64467,51.99429],[12.64836,52.0077],[12.65572,52.0128],[12.66754,52.01318],[12.67218,52.01202],[12.67581,52.00664],[12.68309,52.00317],[12.70022,52.00261],[12.71191,51.99976],[12.71207,51.99693],[12.73134,51.98838],[12.7432,51.98914],[12.7559,51.98636],[12.75895,51.98232],[12.77305,51.9787],[12.77661,51.97608],[12.77615,51.96493],[12.79408,51.96231],[12.81311,51.96251],[12.84431,51.96762],[12.84532,51.96286],[12.8501,51.9591],[12.85219,51.94959],[12.85219,51.93704],[12.85251,51.93524],[12.85145,51.92631]]]]}},{"type":"Feature","properties":{"nr":25,"name":"Jessen"},"geometry":{"type":"MultiPolygon","coordinates":[[[[12.8526,51.93509],[12.87418,51.93392],[12.88842,51.93475],[12.89028,51.9283],[12.89614,51.9275],[12.91503,51.93124],[12.91727,51.9393],[12.93579,51.93618],[12.93633,51.93719],[12.96063,51.93499],[12.95628,51.92268],[12.97647,51.91991],[12.97327,51.90089],[12.98658,51.90405],[13.00971,51.9028],[13.01688,51.90067],[13.02144,51.89687],[13.02274,51.90328],[13.04544,51.90057],[13.04849,51.89176],[13.03758,51.89086],[13.03908,51.8818],[13.03748,51.88014],[13.0269,51.88097],[13.02727,51.87859],[13.04015,51.8707],[13.07571,51.86888],[13.08045,51.86748],[13.08481,51.87373],[13.09733,51.87297],[13.11918,51.87661],[13.11893,51.88297],[13.13249,51.88235],[13.13222,51.87956],[13.13891,51.87951],[13.14,51.87618],[13.1433,51.87599],[13.14363,51.87274],[13.14954,51.87237],[13.15079,51.8597],[13.13527,51.85765],[13.12352,51.85787],[13.12359,51.85437],[13.13564,51.83271],[13.13885,51.83131],[13.13936,51.8286],[13.14233,51.82828],[13.1402,51.82455],[13.14202,51.82209],[13.14519,51.81969],[13.14911,51.81996],[13.14752,51.81786],[13.15367,51.81486],[13.16209,51.80429],[13.16126,51.79786],[13.15844,51.79756],[13.1635,51.7924],[13.16001,51.78799],[13.17055,51.78702],[13.16944,51.78287],[13.16046,51.78409],[13.16009,51.7751],[13.14752,51.76646],[13.15607,51.76417],[13.15373,51.76385],[13.14969,51.75932],[13.16358,51.75486],[13.16278,51.75056],[13.15858,51.75085],[13.15598,51.74764],[13.15802,51.74505],[13.15617,51.74615],[13.15235,51.74436],[13.16169,51.7408],[13.16516,51.74169],[13.1684,51.73859],[13.16714,51.73532],[13.17802,51.73209],[13.18327,51.72322],[13.1863,51.72222],[13.18448,51.72013],[13.18699,51.71586],[13.16742,51.7183],[13.17127,51.71236],[13.16987,51.70804],[13.16194,51.71308],[13.15429,51.71061],[13.16121,51.69555],[13.15635,51.69462],[13.16241,51.69186],[13.15548,51.68913],[13.15451,51.68665],[13.02374,51.63742],[13.02144,51.64145],[13.01619,51.64491],[13.02064,51.6534],[13.01794,51.65921],[13.01165,51.66462],[13.00523,51.66185],[13.00115,51.66767],[12.99817,51.66756],[12.99608,51.66929],[12.97799,51.66824],[12.97717,51.66631],[12.98205,51.66418],[12.97899,51.66309],[12.97313,51.66521],[12.96688,51.66545],[12.97235,51.65123],[12.96579,51.65243],[12.96315,51.64947],[12.9581,51.65128],[12.94954,51.6494],[12.95213,51.64359],[12.94244,51.63823],[12.93651,51.64552],[12.92822,51.64951],[12.91502,51.64876],[12.91552,51.64577],[12.9132,51.64411],[12.90835,51.64656],[12.89834,51.64749],[12.89136,51.654],[12.89521,51.65872],[12.89518,51.66372],[12.88868,51.66718],[12.88029,51.65908],[12.87261,51.6583],[12.86609,51.65504],[12.86773,51.65649],[12.86381,51.66101],[12.86652,51.66396],[12.8605,51.66478],[12.86226,51.67369],[12.86038,51.67468],[12.85892,51.67212],[12.85699,51.67252],[12.85931,51.67597],[12.85592,51.67919],[12.85429,51.67851],[12.8486,51.68104],[12.84422,51.68487],[12.84107,51.68204],[12.8367,51.68253],[12.83216,51.681],[12.8283,51.68224],[12.83202,51.67624],[12.82618,51.6753],[12.81803,51.67058],[12.80717,51.66707],[12.79249,51.66543],[12.78203,51.65365],[12.77269,51.6474],[12.76439,51.64657],[12.76492,51.6482],[12.76059,51.64963],[12.74956,51.65025],[12.74038,51.65567],[12.72906,51.6571],[12.71691,51.66149],[12.70572,51.66258],[12.69873,51.66034],[12.69246,51.66285],[12.68733,51.66129],[12.67959,51.65576],[12.67672,51.64856],[12.67279,51.64586],[12.6715,51.64755],[12.66927,51.6465],[12.67191,51.64522],[12.66683,51.64157],[12.66586,51.63147],[12.66388,51.63169],[12.66336,51.63012],[12.65713,51.63029],[12.65331,51.62621],[12.64908,51.62501],[12.64922,51.62088],[12.63943,51.61976],[12.63688,51.61707],[12.62258,51.61553],[12.60809,51.611],[12.61216,51.61437],[12.62253,51.61648],[12.62297,51.62024],[12.62865,51.62411],[12.62806,51.62601],[12.62423,51.62795],[12.60675,51.62693],[12.59939,51.62343],[12.59563,51.61822],[12.58921,51.61812],[12.58843,51.62552],[12.58517,51.62456],[12.57499,51.62718],[12.5759,51.6304],[12.56136,51.63553],[12.55965,51.63746],[12.57054,51.63717],[12.56944,51.64163],[12.56629,51.6424],[12.56943,51.6427],[12.57207,51.64806],[12.57095,51.65173],[12.57398,51.66737],[12.54976,51.66846],[12.54918,51.66402],[12.52901,51.66438],[12.5169,51.66054],[12.50886,51.66716],[12.4975,51.67071],[12.49522,51.68242],[12.4773,51.68188],[12.47408,51.68243],[12.47373,51.69014],[12.47187,51.68998],[12.47144,51.6932],[12.47523,51.70139],[12.47308,51.70305],[12.45909,51.70558],[12.44357,51.70329],[12.43392,51.70366],[12.41927,51.69895],[12.41425,51.69549],[12.40401,51.69404],[12.39767,51.69424],[12.38455,51.69843],[12.37085,51.69464],[12.36956,51.69151],[12.36059,51.68558],[12.3506,51.68449],[12.34486,51.70363],[12.35611,51.70443],[12.36398,51.70692],[12.35495,51.71149],[12.35486,51.71432],[12.35348,51.71379],[12.34841,51.71982],[12.32714,51.71751],[12.32447,51.7265],[12.32793,51.7268],[12.32808,51.72959],[12.33618,51.7295],[12.33572,51.73611],[12.33946,51.73604],[12.34103,51.73388],[12.3484,51.73397],[12.34852,51.73565],[12.35149,51.73581],[12.34386,51.74682],[12.3436,51.74965],[12.34868,51.75147],[12.34281,51.7527],[12.34314,51.76254],[12.34747,51.77128],[12.34099,51.77531],[12.33857,51.78007],[12.34284,51.78641],[12.34057,51.79079],[12.36294,51.79906],[12.38169,51.8005],[12.39371,51.77924],[12.40063,51.77908],[12.40171,51.78097],[12.41458,51.77857],[12.41537,51.77704],[12.42155,51.7769],[12.4246,51.77463],[12.42969,51.77814],[12.4356,51.7786],[12.44338,51.78898],[12.44643,51.78865],[12.44622,51.79724],[12.449,51.79895],[12.47484,51.79672],[12.47754,51.80933],[12.49643,51.80751],[12.50904,51.80967],[12.51587,51.80901],[12.51178,51.8137],[12.51252,51.82047],[12.5217,51.8177],[12.52751,51.81999],[12.53184,51.8195],[12.53285,51.82245],[12.52651,51.82434],[12.52326,51.82797],[12.53805,51.82896],[12.53997,51.82509],[12.54684,51.82402],[12.54913,51.82215],[12.55693,51.82534],[12.5604,51.82478],[12.56093,51.82029],[12.564,51.81869],[12.56699,51.81902],[12.56859,51.82188],[12.57461,51.8194],[12.5754,51.82142],[12.58812,51.82187],[12.58723,51.82591],[12.59133,51.82581],[12.59063,51.82184],[12.59663,51.82171],[12.59073,51.83104],[12.59215,51.83377],[12.61048,51.83746],[12.61041,51.83217],[12.6183,51.82795],[12.62337,51.82754],[12.62879,51.83038],[12.65302,51.83112],[12.65248,51.82941],[12.65944,51.82857],[12.66404,51.82509],[12.66382,51.82671],[12.66677,51.82627],[12.66926,51.82381],[12.67397,51.82452],[12.68045,51.8212],[12.68458,51.82628],[12.68067,51.8275],[12.68035,51.83046],[12.68783,51.83411],[12.68747,51.83765],[12.67398,51.83855],[12.66594,51.84257],[12.66502,51.84693],[12.66998,51.85039],[12.6811,51.84833],[12.68409,51.84991],[12.68977,51.8492],[12.6932,51.85535],[12.70963,51.8525],[12.73127,51.84226],[12.75049,51.84073],[12.75489,51.83507],[12.74829,51.82714],[12.74746,51.82297],[12.75453,51.81915],[12.75818,51.81892],[12.76401,51.82126],[12.77253,51.83084],[12.77624,51.83251],[12.78394,51.8327],[12.80264,51.82801],[12.80496,51.81534],[12.81244,51.81856],[12.8156,51.81445],[12.83025,51.81654],[12.83374,51.81094],[12.83774,51.80956],[12.84703,51.81307],[12.85044,51.81119],[12.85407,51.81681],[12.87911,51.81091],[12.88364,51.82114],[12.89019,51.82748],[12.876,51.83768],[12.87208,51.83602],[12.87059,51.83774],[12.8807,51.84434],[12.88711,51.85204],[12.88457,51.85611],[12.86452,51.86091],[12.86386,51.87357],[12.8552,51.87325],[12.85337,51.87431],[12.85849,51.87685],[12.85537,51.88259],[12.87,51.88605],[12.8676,51.87767],[12.88049,51.87482],[12.88453,51.87616],[12.89094,51.87436],[12.89074,51.87756],[12.88623,51.87938],[12.90102,51.88755],[12.90414,51.88693],[12.90824,51.88892],[12.91056,51.89478],[12.90238,51.90855],[12.88431,51.90902],[12.87863,51.92112],[12.85807,51.92336],[12.85145,51.92631],[12.8526,51.93509]]]]}},{"type":"Feature","properties":{"nr":26,"name":"Dessau-Roßlau"},"geometry":{"type":"MultiPolygon","coordinates":[[[[12.33605,51.7339],[12.32215,51.7334],[12.32274,51.73641],[12.31904,51.74074],[12.31416,51.74072],[12.31156,51.74263],[12.3067,51.74312],[12.31079,51.74661],[12.30511,51.75142],[12.30698,51.75738],[12.30004,51.76015],[12.30135,51.76755],[12.29767,51.76867],[12.29734,51.77277],[12.28995,51.77714],[12.29239,51.78504],[12.29548,51.78585],[12.29594,51.78795],[12.29365,51.78942],[12.28283,51.79008],[12.28658,51.79622],[12.28263,51.79982],[12.27387,51.79112],[12.27335,51.78921],[12.2777,51.78973],[12.27953,51.78793],[12.27566,51.78326],[12.26881,51.78267],[12.26783,51.78127],[12.26612,51.78354],[12.26779,51.78466],[12.2473,51.78405],[12.24586,51.78508],[12.24268,51.78488],[12.24289,51.78373],[12.23987,51.78519],[12.22816,51.76579],[12.22858,51.757],[12.15808,51.77605],[12.15166,51.77431],[12.14587,51.7753],[12.14683,51.77734],[12.14126,51.77845],[12.14316,51.78086],[12.13918,51.78227],[12.138,51.7806],[12.13155,51.78051],[12.11976,51.78214],[12.11957,51.78756],[12.12241,51.79048],[12.11935,51.78855],[12.11582,51.78923],[12.11799,51.7914],[12.10979,51.79279],[12.11999,51.79646],[12.11792,51.79925],[12.12199,51.79988],[12.11806,51.80678],[12.12764,51.81036],[12.13282,51.81007],[12.139,51.81491],[12.13776,51.82186],[12.13313,51.82221],[12.13513,51.83913],[12.14292,51.84975],[12.14387,51.86577],[12.14184,51.86939],[12.13891,51.86826],[12.13477,51.86895],[12.13146,51.87159],[12.15026,51.87393],[12.16681,51.87366],[12.19257,51.87793],[12.20531,51.87697],[12.20859,51.87248],[12.20838,51.86413],[12.21042,51.86043],[12.21521,51.85809],[12.22118,51.85778],[12.22703,51.8589],[12.23061,51.86223],[12.2353,51.8601],[12.23834,51.85016],[12.23635,51.84099],[12.23807,51.83929],[12.24443,51.8406],[12.24822,51.8317],[12.25085,51.83368],[12.26461,51.83147],[12.25746,51.82894],[12.25788,51.82678],[12.25065,51.81972],[12.2535,51.81655],[12.26519,51.81361],[12.26321,51.80509],[12.26821,51.79972],[12.2739,51.79873],[12.27888,51.80017],[12.28028,51.80516],[12.29173,51.80837],[12.29891,51.80671],[12.31973,51.79578],[12.31954,51.79346],[12.34136,51.78906],[12.34253,51.78526],[12.33857,51.78007],[12.34099,51.77531],[12.34756,51.77074],[12.34247,51.7575],[12.34281,51.7527],[12.34832,51.75195],[12.34858,51.75065],[12.3436,51.74965],[12.34386,51.74682],[12.34798,51.73891],[12.3518,51.73695],[12.35094,51.7353],[12.348,51.73525],[12.3484,51.73397],[12.34103,51.73388],[12.341,51.73535],[12.33716,51.73613],[12.33605,51.7339]]]]}},{"type":"Feature","properties":{"nr":27,"name":"Dessau-Roßlau-Wittenberg"},"geometry":{"type":"MultiPolygon","coordinates":[[[[12.52329,51.82712],[12.52894,51.82302],[12.53285,51.82245],[12.53184,51.8195],[12.52751,51.81999],[12.5217,51.8177],[12.51252,51.82047],[12.51178,51.8137],[12.51587,51.80901],[12.50904,51.80967],[12.49643,51.80751],[12.47754,51.80933],[12.47484,51.79672],[12.449,51.79895],[12.44622,51.79724],[12.44643,51.78865],[12.44338,51.78898],[12.4356,51.7786],[12.42969,51.77814],[12.4246,51.77463],[12.42155,51.7769],[12.41537,51.77704],[12.41458,51.77857],[12.40171,51.78097],[12.40063,51.77908],[12.39371,51.77924],[12.38169,51.8005],[12.36294,51.79906],[12.34173,51.79138],[12.34136,51.78906],[12.31954,51.79346],[12.31973,51.79578],[12.29891,51.80671],[12.29173,51.80837],[12.28028,51.80516],[12.27888,51.80017],[12.2739,51.79873],[12.26821,51.79972],[12.26321,51.80509],[12.26519,51.81361],[12.2535,51.81655],[12.25065,51.81972],[12.25788,51.82678],[12.25746,51.82894],[12.26461,51.83147],[12.25085,51.83368],[12.24822,51.8317],[12.24443,51.8406],[12.23807,51.83929],[12.23635,51.84099],[12.23834,51.85016],[12.2353,51.8601],[12.23061,51.86223],[12.22703,51.8589],[12.22118,51.85778],[12.21521,51.85809],[12.21042,51.86043],[12.20819,51.87346],[12.20351,51.87766],[12.19257,51.87793],[12.16681,51.87366],[12.15026,51.87393],[12.12356,51.87093],[12.11375,51.87163],[12.12004,51.8958],[12.12233,51.89802],[12.13593,51.89639],[12.13832,51.90361],[12.16547,51.9021],[12.16605,51.90379],[12.17738,51.9035],[12.17728,51.90179],[12.18432,51.9016],[12.18456,51.9062],[12.17271,51.90961],[12.17445,51.91255],[12.16919,51.9136],[12.16849,51.9203],[12.15789,51.92133],[12.15466,51.92665],[12.16494,51.92996],[12.16867,51.92959],[12.17066,51.93137],[12.17478,51.93049],[12.17824,51.92704],[12.18845,51.92829],[12.18867,51.93403],[12.19829,51.93695],[12.19825,51.93571],[12.21002,51.94154],[12.21016,51.94456],[12.20756,51.94493],[12.20526,51.94875],[12.21185,51.94959],[12.21179,51.95579],[12.20649,51.95641],[12.20769,51.96142],[12.22965,51.96165],[12.22998,51.96883],[12.2419,51.96833],[12.24976,51.96607],[12.26502,51.97037],[12.2813,51.97009],[12.28015,51.97974],[12.27575,51.97902],[12.26288,51.98059],[12.26265,51.97904],[12.25729,51.97732],[12.25223,51.97723],[12.25466,51.97826],[12.25445,51.98161],[12.25933,51.98235],[12.25558,51.98755],[12.26697,51.98881],[12.27916,51.99271],[12.27836,51.99466],[12.29426,51.99706],[12.30858,51.99605],[12.31982,51.9994],[12.32667,52.00365],[12.32592,52.00616],[12.32971,52.00638],[12.33224,52.01206],[12.33919,52.0193],[12.34949,52.02553],[12.36532,52.0278],[12.36927,52.02263],[12.37723,52.02261],[12.37514,52.03178],[12.37744,52.04488],[12.38966,52.04361],[12.39772,52.03595],[12.40975,52.02873],[12.42067,52.02634],[12.42695,52.01949],[12.43559,52.01696],[12.4498,52.01621],[12.45219,52.0244],[12.46087,52.03469],[12.47635,52.034],[12.48073,52.03318],[12.48508,52.01716],[12.4989,52.00908],[12.505,52.00712],[12.53584,52.00294],[12.5349,52.0013],[12.53993,51.99156],[12.53951,51.98502],[12.60316,51.98139],[12.60417,51.97034],[12.5856,51.95179],[12.58568,51.94149],[12.58144,51.92731],[12.56103,51.91344],[12.55455,51.90246],[12.54892,51.89717],[12.5293,51.89916],[12.52317,51.89653],[12.50388,51.90193],[12.50201,51.89867],[12.48518,51.89939],[12.48518,51.87991],[12.48804,51.87878],[12.49126,51.88037],[12.49802,51.88043],[12.5032,51.87812],[12.50524,51.87408],[12.50189,51.86388],[12.50859,51.85895],[12.50346,51.85521],[12.50031,51.85471],[12.49879,51.8563],[12.4955,51.85359],[12.49735,51.85138],[12.4965,51.84627],[12.49943,51.84463],[12.49555,51.84058],[12.50535,51.84096],[12.50816,51.83976],[12.51431,51.84294],[12.51643,51.84226],[12.51864,51.84011],[12.51449,51.83565],[12.52073,51.83282],[12.52329,51.82712]]]]}},{"type":"Feature","properties":{"nr":28,"name":"Bitterfeld-Wolfen"},"geometry":{"type":"MultiPolygon","coordinates":[[[[12.04592,51.5981],[12.04409,51.60302],[12.04862,51.60343],[12.04212,51.60359],[12.04399,51.61177],[12.05013,51.61129],[12.05069,51.61646],[12.03475,51.6166],[12.0343,51.61898],[12.02692,51.62002],[12.02851,51.62051],[12.02764,51.62842],[12.03155,51.62955],[12.04205,51.63412],[12.04288,51.6379],[12.04112,51.63823],[12.04171,51.64047],[12.03923,51.6406],[12.03992,51.64377],[12.00659,51.64605],[12.01384,51.66881],[12.02536,51.67092],[12.03357,51.66287],[12.05755,51.66118],[12.06104,51.6611],[12.06294,51.66549],[12.06792,51.66382],[12.06977,51.66611],[12.08689,51.66542],[12.08849,51.65145],[12.08327,51.64984],[12.08484,51.64741],[12.11141,51.65178],[12.10985,51.65375],[12.12052,51.65829],[12.14246,51.67682],[12.16105,51.68516],[12.17644,51.68856],[12.17778,51.69226],[12.16666,51.69173],[12.16542,51.69356],[12.16782,51.69403],[12.15312,51.70918],[12.16614,51.71029],[12.16878,51.71078],[12.16833,51.71188],[12.18436,51.71141],[12.19808,51.71589],[12.22051,51.7067],[12.22515,51.70172],[12.23401,51.70407],[12.23646,51.70053],[12.25495,51.70515],[12.26919,51.70547],[12.26946,51.70263],[12.27509,51.70392],[12.27578,51.70013],[12.2789,51.70064],[12.28164,51.69836],[12.28541,51.70041],[12.28732,51.69954],[12.28652,51.69697],[12.29276,51.69173],[12.29802,51.69193],[12.29637,51.68942],[12.28986,51.69089],[12.28863,51.68801],[12.27703,51.6873],[12.27762,51.67058],[12.27955,51.67134],[12.28025,51.66522],[12.28164,51.66853],[12.28697,51.66856],[12.28969,51.66497],[12.29614,51.6656],[12.29604,51.66337],[12.29931,51.66328],[12.30042,51.66103],[12.30046,51.66273],[12.30516,51.66379],[12.30724,51.65883],[12.31002,51.65894],[12.31187,51.65704],[12.32338,51.6628],[12.3263,51.66209],[12.33175,51.65486],[12.33619,51.65616],[12.33795,51.65227],[12.34566,51.6529],[12.34878,51.65185],[12.34226,51.64731],[12.34298,51.64504],[12.34686,51.64521],[12.35094,51.64948],[12.35815,51.64267],[12.35756,51.64007],[12.35097,51.63631],[12.35278,51.63387],[12.35477,51.63523],[12.35693,51.63282],[12.35987,51.63326],[12.36002,51.6318],[12.3517,51.62915],[12.35118,51.62527],[12.35511,51.6237],[12.36775,51.62426],[12.37836,51.61506],[12.38927,51.6244],[12.38731,51.61541],[12.38944,51.61424],[12.39428,51.61479],[12.39223,51.61256],[12.38326,51.61214],[12.38193,51.60961],[12.38336,51.60258],[12.39211,51.59908],[12.38559,51.58995],[12.39345,51.58655],[12.39213,51.58555],[12.38494,51.58651],[12.37278,51.58567],[12.37232,51.58748],[12.36693,51.5877],[12.37469,51.58461],[12.36895,51.58509],[12.36756,51.58307],[12.34835,51.58679],[12.34783,51.58405],[12.33758,51.58646],[12.33654,51.58475],[12.34374,51.5825],[12.34175,51.58029],[12.31975,51.57766],[12.32045,51.57449],[12.31682,51.57328],[12.31311,51.56843],[12.30142,51.56543],[12.29719,51.56677],[12.29687,51.56508],[12.29335,51.56494],[12.29299,51.56045],[12.28506,51.56144],[12.26902,51.55999],[12.25515,51.56064],[12.25062,51.55894],[12.24974,51.56318],[12.24596,51.56671],[12.24205,51.56648],[12.23664,51.56172],[12.23293,51.5611],[12.23586,51.55308],[12.23068,51.55169],[12.23135,51.54736],[12.21877,51.54671],[12.22286,51.54454],[12.20993,51.5419],[12.21026,51.5398],[12.20676,51.53959],[12.20714,51.53519],[12.20159,51.53452],[12.20191,51.5313],[12.19744,51.53113],[12.19669,51.53476],[12.18719,51.53505],[12.16939,51.54975],[12.16983,51.5625],[12.16663,51.56235],[12.1658,51.56457],[12.16416,51.58118],[12.12193,51.58013],[12.06315,51.58457],[12.04607,51.5844],[12.03983,51.58976],[12.03133,51.59117],[12.0312,51.59438],[12.04037,51.59538],[12.03991,51.59726],[12.04592,51.5981]]],[[[12.02498,51.62746],[12.02466,51.62887],[12.02631,51.62803],[12.02758,51.6284],[12.02498,51.62746]]]]}},{"type":"Feature","properties":{"nr":29,"name":"Saalekreis"},"geometry":{"type":"MultiPolygon","coordinates":[[[[11.88302,51.66466],[11.88601,51.66545],[11.88656,51.6621],[11.89242,51.65992],[11.89416,51.65743],[11.90744,51.65244],[11.9127,51.64801],[11.92486,51.64539],[11.93104,51.64658],[11.944,51.6458],[11.94779,51.64322],[11.95678,51.64232],[11.96816,51.64349],[11.97366,51.64489],[11.97334,51.64637],[11.98524,51.64687],[12.03992,51.64377],[12.03923,51.6406],[12.04171,51.64047],[12.04112,51.63823],[12.04288,51.6379],[12.04205,51.63412],[12.03155,51.62955],[12.02764,51.62842],[12.02851,51.62051],[12.02718,51.6203],[12.02692,51.62002],[12.0343,51.61898],[12.03475,51.6166],[12.05069,51.61646],[12.05013,51.61129],[12.04399,51.61177],[12.04212,51.60359],[12.04865,51.60287],[12.04409,51.60302],[12.04592,51.5981],[12.03991,51.59726],[12.04037,51.59538],[12.0312,51.59438],[12.03011,51.58464],[12.02672,51.58082],[12.01218,51.57929],[12.0058,51.57711],[12.00246,51.56555],[11.99782,51.56525],[11.99825,51.55699],[11.99707,51.55881],[11.99184,51.55821],[11.9929,51.54647],[11.99039,51.54047],[11.96152,51.53903],[11.9596,51.53704],[11.9536,51.53625],[11.95347,51.53073],[11.9501,51.52641],[11.94541,51.52937],[11.94718,51.53201],[11.94398,51.53275],[11.93568,51.52865],[11.92778,51.53054],[11.92416,51.5299],[11.92202,51.52582],[11.91754,51.52433],[11.91277,51.52515],[11.90934,51.52995],[11.8964,51.53501],[11.88098,51.53503],[11.87955,51.53033],[11.87657,51.53082],[11.87593,51.52304],[11.87273,51.52289],[11.87574,51.51951],[11.86937,51.51608],[11.85526,51.51446],[11.86812,51.50195],[11.87541,51.49777],[11.87929,51.49201],[11.86327,51.49263],[11.86383,51.48889],[11.87148,51.48749],[11.86443,51.48702],[11.86808,51.47835],[11.87403,51.47746],[11.87211,51.47472],[11.88289,51.47381],[11.8839,51.47136],[11.88673,51.47182],[11.88776,51.46334],[11.91571,51.46424],[11.91721,51.46105],[11.92341,51.46127],[11.92413,51.45644],[11.92609,51.45703],[11.93017,51.45235],[11.92944,51.45032],[11.92161,51.4498],[11.91493,51.44558],[11.91817,51.44057],[11.93113,51.43894],[11.91341,51.41257],[11.90681,51.3966],[11.9026,51.39621],[11.90856,51.42037],[11.90584,51.42022],[11.90381,51.41805],[11.90371,51.42097],[11.89991,51.42088],[11.89979,51.42274],[11.87331,51.42265],[11.85473,51.41812],[11.85308,51.42082],[11.8479,51.41885],[11.84723,51.42063],[11.84423,51.4201],[11.84127,51.42524],[11.82936,51.42054],[11.81116,51.41806],[11.81123,51.41308],[11.80912,51.41323],[11.8088,51.41095],[11.8005,51.41101],[11.79713,51.4085],[11.7869,51.40854],[11.78548,51.40615],[11.77934,51.40486],[11.782,51.4013],[11.75603,51.39554],[11.75196,51.39775],[11.71383,51.39003],[11.70477,51.4036],[11.71652,51.40797],[11.7116,51.4159],[11.71946,51.41804],[11.71606,51.42538],[11.69064,51.42238],[11.68952,51.42683],[11.68704,51.42712],[11.68401,51.43151],[11.67526,51.43294],[11.67228,51.4354],[11.67805,51.44225],[11.67369,51.44234],[11.67254,51.44377],[11.66935,51.44885],[11.67041,51.45277],[11.66774,51.45082],[11.65178,51.44741],[11.65045,51.4518],[11.64049,51.4529],[11.64393,51.45369],[11.64174,51.45864],[11.63889,51.45774],[11.6362,51.46028],[11.63183,51.45886],[11.63188,51.46073],[11.60516,51.45279],[11.60604,51.44714],[11.60378,51.44705],[11.60415,51.44502],[11.60059,51.44366],[11.57622,51.44183],[11.57637,51.44659],[11.5687,51.44563],[11.56983,51.45604],[11.56812,51.45778],[11.55757,51.45999],[11.56109,51.4629],[11.56138,51.4686],[11.55526,51.47298],[11.56382,51.48478],[11.58179,51.48368],[11.58626,51.47697],[11.59179,51.4776],[11.59497,51.47631],[11.61809,51.48745],[11.60992,51.4924],[11.6067,51.50093],[11.6243,51.50674],[11.61549,51.5105],[11.61839,51.51301],[11.63756,51.52097],[11.64283,51.5192],[11.64418,51.52167],[11.6493,51.52066],[11.65103,51.52837],[11.66587,51.52624],[11.66711,51.5271],[11.66391,51.54043],[11.66864,51.54539],[11.66797,51.54701],[11.66994,51.54708],[11.67282,51.55895],[11.67036,51.56492],[11.67564,51.56832],[11.67557,51.57077],[11.69374,51.56925],[11.69961,51.57319],[11.70606,51.58405],[11.72006,51.59009],[11.72985,51.59177],[11.73251,51.60345],[11.73551,51.60705],[11.75664,51.61104],[11.76448,51.60907],[11.76149,51.61222],[11.75333,51.61439],[11.75796,51.61721],[11.75765,51.61904],[11.74864,51.62106],[11.75146,51.62984],[11.74927,51.63231],[11.75125,51.63246],[11.75276,51.6364],[11.74422,51.64254],[11.74568,51.64531],[11.75585,51.65071],[11.76207,51.65126],[11.7655,51.64844],[11.7815,51.64837],[11.78211,51.64705],[11.78509,51.6476],[11.78565,51.64532],[11.78964,51.64551],[11.79882,51.64283],[11.80916,51.64748],[11.80876,51.64884],[11.81914,51.64903],[11.81697,51.65066],[11.82386,51.65831],[11.83665,51.6551],[11.8375,51.65039],[11.85456,51.6501],[11.85432,51.65452],[11.84903,51.65425],[11.85033,51.66027],[11.85316,51.66015],[11.85724,51.66656],[11.8574,51.67225],[11.86089,51.67139],[11.86299,51.67459],[11.86519,51.67286],[11.86553,51.67483],[11.87353,51.66738],[11.88302,51.66466]],[[12.02466,51.62887],[12.02498,51.62746],[12.02758,51.6284],[12.02631,51.62803],[12.02466,51.62887]]]]}},{"type":"Feature","properties":{"nr":30,"name":"Eisleben"},"geometry":{"type":"MultiPolygon","coordinates":[[[[11.50435,51.41463],[11.49701,51.42012],[11.49998,51.42196],[11.50196,51.42037],[11.50315,51.42125],[11.49966,51.4236],[11.4942,51.43643],[11.48252,51.45329],[11.46955,51.45254],[11.46545,51.48044],[11.44809,51.48081],[11.4494,51.48386],[11.43892,51.48868],[11.42643,51.49105],[11.4213,51.48945],[11.42037,51.49054],[11.42223,51.49112],[11.4155,51.49367],[11.40952,51.49357],[11.39611,51.49753],[11.39569,51.49906],[11.39843,51.49961],[11.40108,51.50054],[11.39657,51.49937],[11.39487,51.50005],[11.40451,51.5016],[11.40601,51.50383],[11.40241,51.50645],[11.40964,51.50595],[11.40007,51.51044],[11.39911,51.51187],[11.40143,51.51293],[11.39794,51.51814],[11.40166,51.52158],[11.40564,51.52193],[11.41301,51.52578],[11.41065,51.53014],[11.4189,51.53178],[11.42051,51.52884],[11.4386,51.52814],[11.43212,51.53402],[11.43168,51.53691],[11.43521,51.53638],[11.44109,51.53803],[11.44391,51.54352],[11.44946,51.542],[11.44935,51.54369],[11.44109,51.54618],[11.44108,51.54777],[11.45091,51.55244],[11.45038,51.55363],[11.44542,51.55365],[11.44445,51.55584],[11.44712,51.55572],[11.44437,51.56702],[11.45117,51.56809],[11.4514,51.56968],[11.44469,51.57683],[11.44825,51.58135],[11.44727,51.58303],[11.45072,51.57992],[11.46275,51.57789],[11.45969,51.58077],[11.4611,51.58154],[11.46553,51.57975],[11.46981,51.58392],[11.47297,51.58054],[11.48078,51.58207],[11.47869,51.59621],[11.49599,51.59724],[11.49215,51.59975],[11.49081,51.60403],[11.49254,51.60029],[11.49615,51.59835],[11.51185,51.59977],[11.5153,51.60338],[11.51046,51.60916],[11.51452,51.61404],[11.5151,51.62026],[11.51229,51.62275],[11.50853,51.62292],[11.5077,51.62467],[11.50999,51.62644],[11.50339,51.62608],[11.50127,51.63357],[11.49267,51.63276],[11.49271,51.63456],[11.48862,51.63537],[11.47806,51.63496],[11.47891,51.63097],[11.47658,51.63076],[11.47637,51.62696],[11.46421,51.6285],[11.45244,51.62523],[11.44522,51.62608],[11.44839,51.62862],[11.44046,51.6339],[11.43238,51.63298],[11.42644,51.63962],[11.42996,51.64007],[11.43144,51.64449],[11.4375,51.64653],[11.43781,51.64543],[11.44451,51.65067],[11.44302,51.6564],[11.44641,51.6571],[11.44361,51.66079],[11.445,51.6632],[11.47077,51.67611],[11.47559,51.6801],[11.48263,51.67504],[11.4859,51.67593],[11.48772,51.67158],[11.49929,51.67067],[11.50091,51.6683],[11.50607,51.6676],[11.50965,51.66521],[11.50831,51.66418],[11.51066,51.66296],[11.51328,51.66359],[11.52165,51.65974],[11.5275,51.66308],[11.52704,51.6588],[11.52503,51.65825],[11.52645,51.65619],[11.53467,51.65585],[11.53524,51.65382],[11.54952,51.65754],[11.55277,51.6517],[11.56295,51.65496],[11.56325,51.64932],[11.57431,51.65329],[11.57903,51.64819],[11.59537,51.65519],[11.59655,51.65834],[11.5999,51.65966],[11.59845,51.66122],[11.60485,51.661],[11.60877,51.66363],[11.6256,51.65926],[11.62608,51.65272],[11.63334,51.65299],[11.63303,51.65642],[11.66168,51.65136],[11.69317,51.64904],[11.7088,51.64296],[11.71249,51.63971],[11.71075,51.63711],[11.71268,51.63585],[11.71896,51.63564],[11.71995,51.62932],[11.74472,51.62882],[11.74927,51.63231],[11.75114,51.63163],[11.74864,51.62106],[11.75765,51.61904],[11.75796,51.61721],[11.75333,51.61439],[11.76149,51.61222],[11.76444,51.6098],[11.76284,51.60906],[11.75664,51.61104],[11.73551,51.60705],[11.73251,51.60345],[11.72985,51.59177],[11.72006,51.59009],[11.70606,51.58405],[11.69961,51.57319],[11.69374,51.56925],[11.67557,51.57077],[11.67564,51.56832],[11.67036,51.56492],[11.67282,51.55895],[11.66994,51.54708],[11.66797,51.54701],[11.66864,51.54539],[11.66391,51.54043],[11.66711,51.5271],[11.66587,51.52624],[11.65103,51.52837],[11.6493,51.52066],[11.64418,51.52167],[11.64283,51.5192],[11.63756,51.52097],[11.61839,51.51301],[11.61549,51.5105],[11.6243,51.50674],[11.6067,51.50093],[11.60992,51.4924],[11.61809,51.48745],[11.59497,51.47631],[11.59179,51.4776],[11.58626,51.47697],[11.58179,51.48368],[11.56382,51.48478],[11.55526,51.47298],[11.56138,51.4686],[11.56109,51.4629],[11.55757,51.45999],[11.56812,51.45778],[11.56983,51.45604],[11.5687,51.44563],[11.55206,51.44093],[11.54975,51.43815],[11.54424,51.43809],[11.5427,51.43653],[11.54599,51.43476],[11.53678,51.43272],[11.53207,51.42693],[11.52471,51.42489],[11.52411,51.4204],[11.52749,51.41637],[11.52045,51.4166],[11.51338,51.41274],[11.50869,51.41714],[11.50435,51.41463]]]]}},{"type":"Feature","properties":{"nr":31,"name":"Sangerhausen"},"geometry":{"type":"MultiPolygon","coordinates":[[[[11.32119,51.41031],[11.30782,51.40579],[11.30413,51.40616],[11.28423,51.40204],[11.27531,51.4048],[11.2742,51.40076],[11.25273,51.40056],[11.24869,51.39515],[11.24439,51.39701],[11.24628,51.39788],[11.24802,51.40534],[11.2303,51.40541],[11.23133,51.40836],[11.22382,51.41321],[11.20976,51.41183],[11.21023,51.40779],[11.20307,51.40689],[11.20221,51.40563],[11.19704,51.40779],[11.19151,51.40275],[11.18354,51.40287],[11.18357,51.40581],[11.1751,51.40628],[11.15316,51.40172],[11.15229,51.40356],[11.14873,51.40408],[11.14109,51.40276],[11.14112,51.40483],[11.13567,51.4063],[11.1322,51.40437],[11.13112,51.40846],[11.12629,51.40786],[11.12835,51.40977],[11.12717,51.41335],[11.12267,51.41226],[11.12027,51.41314],[11.11644,51.41115],[11.11823,51.41416],[11.11634,51.41557],[11.1143,51.41446],[11.10219,51.41672],[11.10345,51.41929],[11.09896,51.41982],[11.09619,51.41863],[11.09627,51.42005],[11.09224,51.42187],[11.06525,51.42938],[11.06094,51.42969],[11.05556,51.42718],[11.05418,51.42943],[11.05044,51.42889],[11.04961,51.42672],[11.04526,51.42524],[11.05041,51.42109],[11.04965,51.42049],[11.04681,51.42223],[11.04543,51.42117],[11.0437,51.42398],[11.04196,51.42317],[11.0404,51.4244],[11.03585,51.42189],[11.02524,51.42123],[11.02367,51.41828],[11.01878,51.41708],[10.9908,51.4181],[10.99863,51.42386],[11.01192,51.42368],[11.01211,51.42476],[11.00795,51.42927],[10.99775,51.42871],[10.98977,51.42568],[10.97801,51.42673],[10.97969,51.43188],[10.96685,51.43233],[10.97109,51.4423],[10.96885,51.44224],[10.96926,51.44504],[10.96671,51.44545],[10.97257,51.45369],[10.96837,51.45441],[10.96967,51.45838],[10.96294,51.46043],[10.96417,51.46308],[10.96112,51.46316],[10.96342,51.46867],[10.961,51.4711],[10.97271,51.48201],[10.96624,51.48536],[10.9593,51.49221],[10.95251,51.49492],[10.95402,51.49816],[10.95027,51.49874],[10.94918,51.5013],[10.94633,51.49871],[10.93955,51.50057],[10.94128,51.50281],[10.94536,51.50378],[10.94389,51.50536],[10.94542,51.50651],[10.9359,51.5126],[10.9352,51.51795],[10.93145,51.51745],[10.93368,51.51912],[10.92695,51.52073],[10.93295,51.52058],[10.93393,51.5327],[10.93974,51.53561],[10.94771,51.53344],[10.94771,51.53779],[10.94387,51.53864],[10.93995,51.54193],[10.92786,51.54364],[10.92533,51.54564],[10.91638,51.54726],[10.91273,51.55023],[10.91084,51.55561],[10.91012,51.55276],[10.90716,51.55243],[10.90478,51.5494],[10.90021,51.55097],[10.89533,51.55748],[10.89731,51.56052],[10.90043,51.56131],[10.90045,51.56479],[10.89499,51.56782],[10.89325,51.57084],[10.89389,51.57705],[10.89161,51.57913],[10.89017,51.57791],[10.88394,51.57872],[10.88304,51.57913],[10.88502,51.58538],[10.88794,51.58762],[10.88863,51.59653],[10.89356,51.59821],[10.89546,51.60197],[10.89655,51.59657],[10.90232,51.594],[10.9067,51.59513],[10.91202,51.593],[10.92356,51.59288],[10.9305,51.59069],[10.92983,51.59342],[10.93623,51.59794],[10.93715,51.60416],[10.93391,51.60601],[10.92376,51.60721],[10.91336,51.61043],[10.91628,51.61452],[10.92167,51.61745],[10.91637,51.61672],[10.92243,51.61963],[10.92501,51.62314],[10.92153,51.6273],[10.93476,51.62431],[10.93417,51.63005],[10.95339,51.63173],[10.95955,51.6338],[10.97049,51.63313],[10.97674,51.62464],[10.97962,51.62383],[10.99587,51.62878],[11.01927,51.627],[11.02617,51.62454],[11.02552,51.62246],[11.02298,51.6225],[11.01836,51.61935],[11.01899,51.61648],[11.0217,51.61451],[11.02483,51.61491],[11.02921,51.61148],[11.03523,51.6113],[11.03478,51.60276],[11.03041,51.60263],[11.02659,51.60522],[11.02421,51.60596],[11.01588,51.60699],[11.00914,51.60962],[11.01066,51.61342],[11.00782,51.61203],[11.00511,51.61253],[11.00211,51.61494],[11.00333,51.61681],[10.99826,51.61624],[10.99395,51.6178],[11.0016,51.61477],[11.00202,51.61256],[11.00706,51.61162],[11.00655,51.61021],[10.99983,51.61006],[10.99854,51.61208],[10.99588,51.6135],[10.99941,51.61],[10.9946,51.61064],[10.9873,51.60953],[10.99819,51.60961],[10.99478,51.60696],[10.99892,51.60741],[11.0004,51.60955],[11.00948,51.60907],[11.01658,51.60605],[11.013,51.60463],[11.02436,51.60554],[11.02705,51.60459],[11.02652,51.60296],[11.03082,51.60216],[11.02718,51.60038],[11.01561,51.60005],[11.01077,51.60062],[11.0078,51.60384],[11.00939,51.60099],[10.9984,51.6028],[11.00652,51.5979],[11.01078,51.60007],[11.01303,51.59975],[11.01229,51.59812],[11.01668,51.59956],[11.02212,51.59911],[11.02122,51.59586],[11.00565,51.59316],[11.00117,51.59372],[11.00428,51.59148],[11.01247,51.59339],[11.01663,51.59016],[11.0215,51.58919],[11.01692,51.5922],[11.02349,51.59375],[11.0276,51.59193],[11.02808,51.5931],[11.02179,51.59549],[11.02588,51.59994],[11.03051,51.59695],[11.02718,51.60012],[11.03215,51.60208],[11.04053,51.60052],[11.03732,51.59692],[11.03827,51.59559],[11.03456,51.59478],[11.0414,51.59399],[11.04112,51.59261],[11.05605,51.59321],[11.05596,51.5947],[11.06201,51.59705],[11.06138,51.59984],[11.06858,51.59919],[11.07234,51.60103],[11.07761,51.59906],[11.08611,51.60136],[11.08775,51.60361],[11.09119,51.60072],[11.09889,51.59941],[11.10092,51.59025],[11.11455,51.59269],[11.12494,51.59188],[11.12552,51.585],[11.1328,51.58529],[11.13386,51.58285],[11.13976,51.5843],[11.13983,51.58425],[11.13389,51.57822],[11.13028,51.57874],[11.12279,51.58335],[11.11493,51.58027],[11.11355,51.57799],[11.11701,51.57492],[11.12506,51.57322],[11.12532,51.56677],[11.13081,51.56601],[11.14107,51.56708],[11.14687,51.57069],[11.15771,51.57287],[11.15457,51.58261],[11.16132,51.57902],[11.16002,51.58275],[11.16275,51.5837],[11.15781,51.58706],[11.16234,51.58936],[11.16224,51.5916],[11.16519,51.59228],[11.16604,51.59562],[11.16968,51.59706],[11.17422,51.59523],[11.17037,51.59263],[11.17272,51.58916],[11.19018,51.59251],[11.20496,51.58718],[11.2084,51.58767],[11.20855,51.58823],[11.20388,51.58782],[11.19785,51.59036],[11.20007,51.59326],[11.20343,51.59408],[11.20627,51.59034],[11.20957,51.59148],[11.2135,51.58956],[11.2208,51.59106],[11.22677,51.5952],[11.2299,51.59537],[11.22919,51.5976],[11.23338,51.59796],[11.23146,51.6045],[11.2339,51.6068],[11.25255,51.61027],[11.2427,51.61191],[11.2435,51.61498],[11.24689,51.61643],[11.24315,51.61563],[11.24166,51.61921],[11.2498,51.62133],[11.24643,51.63099],[11.23796,51.62682],[11.23507,51.62799],[11.23723,51.63572],[11.23327,51.63683],[11.23499,51.63794],[11.23377,51.64152],[11.23444,51.6425],[11.23819,51.64198],[11.23524,51.64515],[11.2367,51.64562],[11.239,51.64245],[11.25004,51.63867],[11.25237,51.63948],[11.25186,51.64279],[11.25542,51.64319],[11.25796,51.64679],[11.2644,51.64565],[11.26977,51.64677],[11.27137,51.6436],[11.27503,51.64651],[11.28008,51.64476],[11.28156,51.64531],[11.27891,51.64999],[11.28635,51.64847],[11.28761,51.65069],[11.2941,51.65055],[11.29242,51.65573],[11.29435,51.65712],[11.289,51.6597],[11.29137,51.66037],[11.30593,51.66175],[11.30907,51.65544],[11.30693,51.65472],[11.30813,51.64852],[11.31876,51.6488],[11.32371,51.65051],[11.32523,51.64909],[11.33279,51.64914],[11.33757,51.65327],[11.34277,51.65037],[11.34928,51.65036],[11.35156,51.64852],[11.34836,51.63862],[11.34484,51.63561],[11.3487,51.6255],[11.34013,51.61694],[11.3454,51.61473],[11.34686,51.61055],[11.37755,51.6207],[11.37925,51.62165],[11.37708,51.62272],[11.37949,51.62177],[11.3921,51.62372],[11.39644,51.62173],[11.4112,51.62285],[11.41959,51.62048],[11.42675,51.62317],[11.42884,51.61971],[11.43276,51.61965],[11.4388,51.6212],[11.43822,51.62471],[11.42823,51.62435],[11.44522,51.62608],[11.45244,51.62523],[11.46421,51.6285],[11.47637,51.62696],[11.47658,51.63076],[11.47891,51.63097],[11.47806,51.63496],[11.48862,51.63537],[11.49271,51.63456],[11.49267,51.63276],[11.50127,51.63357],[11.50339,51.62608],[11.50999,51.62644],[11.5077,51.62467],[11.50853,51.62292],[11.51229,51.62275],[11.5151,51.62026],[11.51452,51.61404],[11.51046,51.60916],[11.5153,51.60338],[11.51185,51.59977],[11.49615,51.59835],[11.49616,51.5991],[11.49254,51.60029],[11.49081,51.60403],[11.49215,51.59975],[11.49599,51.59724],[11.47869,51.59621],[11.48078,51.58207],[11.47297,51.58054],[11.46981,51.58392],[11.46553,51.57975],[11.4611,51.58154],[11.45969,51.58077],[11.46275,51.57789],[11.45072,51.57992],[11.44943,51.58232],[11.44727,51.58303],[11.44825,51.58135],[11.44469,51.57683],[11.4514,51.56968],[11.45117,51.56809],[11.44437,51.56702],[11.44712,51.55572],[11.44445,51.55584],[11.44542,51.55365],[11.45038,51.55363],[11.45091,51.55244],[11.44108,51.54777],[11.44109,51.54618],[11.44935,51.54369],[11.44946,51.542],[11.44391,51.54352],[11.44109,51.53803],[11.43521,51.53638],[11.43168,51.53691],[11.43212,51.53402],[11.43872,51.5282],[11.42051,51.52884],[11.4189,51.53178],[11.41063,51.53014],[11.40996,51.53489],[11.40502,51.54171],[11.39891,51.53995],[11.38376,51.5388],[11.37555,51.53898],[11.37028,51.54099],[11.36404,51.5399],[11.36149,51.54363],[11.36385,51.54744],[11.37026,51.54954],[11.37323,51.5475],[11.37645,51.55134],[11.38021,51.55239],[11.37786,51.5541],[11.36011,51.5509],[11.36861,51.55904],[11.37236,51.5602],[11.3708,51.56108],[11.35675,51.55853],[11.34335,51.56005],[11.33864,51.55891],[11.33683,51.55685],[11.33988,51.55429],[11.34269,51.55542],[11.34662,51.55141],[11.34331,51.5501],[11.34136,51.54135],[11.33655,51.53492],[11.33204,51.53622],[11.33243,51.53233],[11.32942,51.53095],[11.33679,51.52592],[11.33546,51.52499],[11.34022,51.52294],[11.34063,51.52079],[11.34412,51.52027],[11.34284,51.5222],[11.34475,51.52261],[11.34715,51.52164],[11.3461,51.51974],[11.35158,51.51946],[11.34904,51.51787],[11.3498,51.51642],[11.35945,51.51979],[11.36285,51.51081],[11.36589,51.51343],[11.36462,51.51414],[11.36429,51.5147],[11.36639,51.51349],[11.36259,51.51013],[11.36356,51.50834],[11.36743,51.51287],[11.37435,51.51387],[11.36952,51.5176],[11.37476,51.51557],[11.37159,51.51841],[11.37328,51.51907],[11.37621,51.51644],[11.37483,51.52088],[11.37968,51.52114],[11.37333,51.51028],[11.38126,51.51082],[11.37971,51.50667],[11.3752,51.50395],[11.38099,51.50517],[11.38445,51.49779],[11.37635,51.49721],[11.37916,51.49138],[11.37403,51.49128],[11.37425,51.4898],[11.37495,51.48852],[11.38132,51.48934],[11.38567,51.48631],[11.37527,51.48003],[11.37057,51.48047],[11.37155,51.47447],[11.35668,51.47426],[11.35201,51.46506],[11.35223,51.45668],[11.34597,51.4574],[11.34224,51.45968],[11.33744,51.45122],[11.33791,51.44944],[11.34062,51.4492],[11.33803,51.44355],[11.34107,51.4436],[11.34028,51.44121],[11.3296,51.44029],[11.31722,51.42435],[11.33448,51.41941],[11.32119,51.41031]]],[[[10.8832,51.57912],[10.88497,51.57935],[10.88454,51.57871],[10.8832,51.57912]]]]}},{"type":"Feature","properties":{"nr":32,"name":"Querfurt"},"geometry":{"type":"MultiPolygon","coordinates":[[[[11.65428,51.11165],[11.64691,51.1069],[11.64803,51.10915],[11.64517,51.11011],[11.64084,51.10925],[11.63845,51.1107],[11.63545,51.10868],[11.63623,51.10719],[11.6243,51.10415],[11.62007,51.09864],[11.62138,51.09717],[11.61755,51.09703],[11.61538,51.09767],[11.62048,51.10481],[11.61499,51.10782],[11.60635,51.11073],[11.60755,51.11158],[11.6005,51.11471],[11.5718,51.12058],[11.55817,51.10882],[11.55434,51.1094],[11.55559,51.11148],[11.5477,51.11172],[11.54736,51.10906],[11.54905,51.10873],[11.54572,51.10236],[11.52357,51.10487],[11.51199,51.10791],[11.51058,51.103],[11.50485,51.10407],[11.50473,51.10246],[11.48519,51.10248],[11.48391,51.10785],[11.47632,51.10789],[11.46333,51.11269],[11.46551,51.12732],[11.46268,51.12678],[11.46328,51.13024],[11.45988,51.13026],[11.45871,51.13757],[11.45101,51.14663],[11.47186,51.14816],[11.4792,51.15801],[11.47301,51.16134],[11.47497,51.16573],[11.48492,51.16541],[11.48565,51.16814],[11.4708,51.16994],[11.47204,51.17435],[11.47007,51.18035],[11.46683,51.18047],[11.4703,51.18526],[11.46888,51.19244],[11.45532,51.19524],[11.45311,51.19194],[11.44992,51.19306],[11.44946,51.19925],[11.44761,51.1993],[11.44527,51.20379],[11.44682,51.20888],[11.431,51.2121],[11.41465,51.20807],[11.40532,51.20737],[11.40809,51.20357],[11.40605,51.20273],[11.40101,51.2036],[11.40029,51.20626],[11.39131,51.20336],[11.38784,51.20896],[11.39093,51.21062],[11.38935,51.21306],[11.39152,51.21559],[11.38854,51.21568],[11.39063,51.21743],[11.36488,51.22133],[11.36771,51.22855],[11.37648,51.23411],[11.37832,51.23764],[11.37632,51.23929],[11.38271,51.24507],[11.38566,51.24594],[11.38713,51.24414],[11.40238,51.24258],[11.39938,51.23662],[11.41183,51.24037],[11.41997,51.24638],[11.41826,51.24761],[11.42183,51.25305],[11.42618,51.25581],[11.42986,51.25426],[11.43954,51.26338],[11.44129,51.26683],[11.43701,51.26862],[11.44178,51.2732],[11.44658,51.27105],[11.45632,51.27738],[11.45317,51.27944],[11.45158,51.28092],[11.45411,51.27945],[11.45272,51.28124],[11.45456,51.28645],[11.46008,51.29398],[11.4625,51.29059],[11.46793,51.28838],[11.47394,51.295],[11.47242,51.29835],[11.4758,51.2957],[11.47523,51.29863],[11.46671,51.30469],[11.45052,51.31427],[11.4463,51.31233],[11.44733,51.31612],[11.43659,51.319],[11.43379,51.32053],[11.43465,51.32199],[11.42768,51.32465],[11.42622,51.32638],[11.42828,51.32741],[11.42101,51.33144],[11.41347,51.33307],[11.41981,51.33609],[11.42619,51.33625],[11.42855,51.34285],[11.41233,51.34268],[11.40861,51.34019],[11.39953,51.3448],[11.40122,51.34937],[11.39711,51.34944],[11.39465,51.35415],[11.39281,51.35422],[11.39427,51.35774],[11.39154,51.36067],[11.39286,51.36552],[11.38966,51.36771],[11.39112,51.37253],[11.39598,51.37311],[11.39788,51.37712],[11.39693,51.38131],[11.39384,51.38135],[11.39335,51.3838],[11.38002,51.3867],[11.37853,51.38528],[11.37009,51.38509],[11.36861,51.38761],[11.36537,51.38553],[11.3652,51.38305],[11.36137,51.38229],[11.35704,51.38983],[11.35034,51.38808],[11.34756,51.38455],[11.34257,51.38777],[11.34047,51.39242],[11.33424,51.38969],[11.33081,51.39037],[11.32901,51.40012],[11.32119,51.41031],[11.33448,51.41941],[11.31722,51.42435],[11.3296,51.44029],[11.34028,51.44121],[11.34107,51.4436],[11.33803,51.44355],[11.34062,51.4492],[11.33791,51.44944],[11.33901,51.45441],[11.34224,51.45968],[11.34597,51.4574],[11.35223,51.45668],[11.35201,51.46506],[11.35668,51.47426],[11.37155,51.47447],[11.37057,51.48047],[11.37527,51.48003],[11.38567,51.48631],[11.38132,51.48934],[11.37495,51.48852],[11.37425,51.4898],[11.37403,51.49128],[11.37916,51.49138],[11.37635,51.49721],[11.38445,51.49779],[11.38099,51.50517],[11.3752,51.50395],[11.37971,51.50667],[11.38126,51.51082],[11.37333,51.51028],[11.37968,51.52114],[11.37483,51.52088],[11.37621,51.51644],[11.37328,51.51907],[11.37159,51.51841],[11.37476,51.51557],[11.36952,51.5176],[11.37435,51.51387],[11.36743,51.51287],[11.36356,51.50834],[11.36259,51.51013],[11.36455,51.51129],[11.36639,51.51349],[11.36429,51.5147],[11.36589,51.51343],[11.36285,51.51081],[11.35945,51.51979],[11.3498,51.51642],[11.34904,51.51787],[11.35158,51.51946],[11.3461,51.51974],[11.34715,51.52164],[11.34475,51.52261],[11.34284,51.5222],[11.34412,51.52027],[11.34063,51.52079],[11.34022,51.52294],[11.33546,51.52499],[11.33679,51.52592],[11.32942,51.53095],[11.33243,51.53233],[11.33204,51.53622],[11.33655,51.53492],[11.34136,51.54135],[11.34331,51.5501],[11.34662,51.55141],[11.34269,51.55542],[11.33988,51.55429],[11.33683,51.55685],[11.33864,51.55891],[11.34695,51.56025],[11.35675,51.55853],[11.36656,51.56098],[11.37244,51.56036],[11.36861,51.55904],[11.36011,51.5509],[11.37786,51.5541],[11.38021,51.55239],[11.37645,51.55134],[11.37323,51.5475],[11.37026,51.54954],[11.36385,51.54744],[11.36149,51.54363],[11.36404,51.5399],[11.37028,51.54099],[11.37555,51.53898],[11.38376,51.5388],[11.39891,51.53995],[11.40502,51.54171],[11.40996,51.53489],[11.41036,51.52856],[11.41301,51.52578],[11.40564,51.52193],[11.40166,51.52158],[11.39809,51.51689],[11.40143,51.51293],[11.39911,51.51187],[11.40007,51.51044],[11.40964,51.50595],[11.40241,51.50645],[11.40575,51.50424],[11.4054,51.50251],[11.39487,51.50005],[11.40113,51.50049],[11.39569,51.49906],[11.39611,51.49753],[11.40952,51.49357],[11.4155,51.49367],[11.42223,51.49112],[11.42037,51.49054],[11.4213,51.48945],[11.42643,51.49105],[11.43666,51.48947],[11.4494,51.48386],[11.44809,51.48081],[11.46545,51.48044],[11.46955,51.45254],[11.48233,51.45335],[11.48405,51.45162],[11.4942,51.43643],[11.49966,51.4236],[11.50315,51.42125],[11.50196,51.42037],[11.49998,51.42196],[11.49701,51.42012],[11.50396,51.41449],[11.50869,51.41714],[11.51338,51.41274],[11.52045,51.4166],[11.52749,51.41637],[11.52423,51.42004],[11.52392,51.42431],[11.53207,51.42693],[11.53678,51.43272],[11.54599,51.43476],[11.54342,51.43739],[11.54975,51.43815],[11.55206,51.44093],[11.57637,51.44659],[11.57622,51.44183],[11.60059,51.44366],[11.60415,51.44502],[11.60378,51.44705],[11.60604,51.44714],[11.60516,51.45279],[11.63188,51.46073],[11.63183,51.45886],[11.6362,51.46028],[11.63889,51.45774],[11.64174,51.45864],[11.64393,51.45369],[11.64049,51.4529],[11.65045,51.4518],[11.65178,51.44741],[11.66774,51.45082],[11.67041,51.45277],[11.66935,51.44885],[11.67254,51.44377],[11.67369,51.44234],[11.67805,51.44225],[11.67228,51.4354],[11.67526,51.43294],[11.68401,51.43151],[11.68704,51.42712],[11.68952,51.42683],[11.69064,51.42238],[11.71606,51.42538],[11.71946,51.41804],[11.7116,51.4159],[11.71652,51.40797],[11.70477,51.4036],[11.71383,51.39003],[11.75196,51.39775],[11.75603,51.39554],[11.782,51.4013],[11.77934,51.40486],[11.78548,51.40615],[11.7869,51.40854],[11.79713,51.4085],[11.8005,51.41101],[11.8088,51.41095],[11.80912,51.41323],[11.81123,51.41308],[11.81116,51.41806],[11.82936,51.42054],[11.84127,51.42524],[11.84423,51.4201],[11.84723,51.42063],[11.8479,51.41885],[11.85308,51.42082],[11.85473,51.41812],[11.87331,51.42265],[11.89979,51.42274],[11.89991,51.42088],[11.90371,51.42097],[11.90381,51.41805],[11.90584,51.42022],[11.90856,51.42037],[11.9026,51.39621],[11.90681,51.3966],[11.91231,51.38585],[11.90405,51.382],[11.90572,51.37545],[11.91009,51.37613],[11.90919,51.37394],[11.91198,51.37358],[11.91637,51.36656],[11.91992,51.3555],[11.9127,51.35435],[11.91352,51.35126],[11.90129,51.34948],[11.89821,51.34748],[11.89984,51.34411],[11.8802,51.341],[11.87361,51.34143],[11.87335,51.33924],[11.87026,51.33936],[11.87039,51.33701],[11.8644,51.3364],[11.86354,51.33413],[11.84755,51.33282],[11.84326,51.30602],[11.83992,51.30651],[11.83732,51.30445],[11.83471,51.2979],[11.82888,51.29855],[11.83071,51.2884],[11.8189,51.28714],[11.82163,51.27872],[11.81688,51.28008],[11.82404,51.2715],[11.83529,51.27336],[11.83643,51.27472],[11.83764,51.27298],[11.8464,51.27285],[11.84729,51.26883],[11.86048,51.26962],[11.86324,51.2617],[11.8668,51.26296],[11.87295,51.24296],[11.85891,51.23898],[11.85866,51.23663],[11.85022,51.23545],[11.84613,51.23718],[11.83828,51.24715],[11.82538,51.23773],[11.82298,51.24033],[11.82279,51.24658],[11.81928,51.24941],[11.80943,51.24537],[11.80903,51.24649],[11.80226,51.24623],[11.79989,51.25044],[11.79412,51.24738],[11.78628,51.24748],[11.78455,51.25275],[11.79118,51.25642],[11.78433,51.26012],[11.78616,51.26743],[11.78259,51.27045],[11.78084,51.2692],[11.77757,51.2701],[11.77061,51.27524],[11.767,51.27396],[11.76539,51.27832],[11.76234,51.27925],[11.76431,51.28106],[11.75994,51.28384],[11.71074,51.27148],[11.70112,51.26695],[11.68821,51.27695],[11.67738,51.27636],[11.67622,51.27921],[11.67264,51.28081],[11.67059,51.2802],[11.66964,51.28779],[11.67749,51.29131],[11.67523,51.29244],[11.66779,51.29023],[11.66786,51.28565],[11.66336,51.28305],[11.66125,51.28417],[11.6629,51.28611],[11.65857,51.29017],[11.65002,51.29223],[11.64968,51.29611],[11.64654,51.29592],[11.63929,51.29115],[11.64304,51.29881],[11.63729,51.30157],[11.6377,51.30312],[11.62948,51.30598],[11.63521,51.31418],[11.62318,51.31992],[11.62073,51.31587],[11.61653,51.32032],[11.61451,51.32021],[11.6136,51.31653],[11.60547,51.31561],[11.59752,51.30241],[11.58208,51.30636],[11.58125,51.30079],[11.56672,51.29731],[11.56745,51.29381],[11.5728,51.28992],[11.56744,51.28785],[11.56813,51.2843],[11.56611,51.28179],[11.56066,51.28087],[11.56113,51.27804],[11.55463,51.27505],[11.54988,51.27467],[11.54248,51.27865],[11.54063,51.28151],[11.53022,51.28362],[11.52719,51.28635],[11.52152,51.28474],[11.522,51.28139],[11.51836,51.27629],[11.52499,51.27462],[11.53111,51.26846],[11.52786,51.26396],[11.52331,51.26319],[11.53245,51.25087],[11.53946,51.25101],[11.53921,51.25281],[11.55055,51.25764],[11.55018,51.25996],[11.55964,51.26083],[11.56421,51.25946],[11.57928,51.26107],[11.58108,51.26026],[11.58036,51.25836],[11.5844,51.25817],[11.58931,51.2553],[11.59622,51.25683],[11.59562,51.25554],[11.59909,51.25485],[11.59816,51.25328],[11.60052,51.25119],[11.5966,51.2479],[11.60248,51.24378],[11.59968,51.24103],[11.60812,51.24124],[11.60841,51.23923],[11.61679,51.2399],[11.6203,51.23532],[11.6176,51.23216],[11.62402,51.23037],[11.62289,51.22651],[11.63954,51.22397],[11.64721,51.22574],[11.64842,51.22415],[11.64358,51.22166],[11.64297,51.21776],[11.63446,51.21074],[11.63588,51.20648],[11.64189,51.20833],[11.6405,51.20606],[11.64289,51.20656],[11.64494,51.20442],[11.6415,51.20293],[11.63655,51.19693],[11.63776,51.19547],[11.62165,51.19197],[11.61244,51.19186],[11.60985,51.18118],[11.60593,51.17572],[11.60705,51.17461],[11.61003,51.17473],[11.61498,51.1711],[11.64611,51.17194],[11.64707,51.16605],[11.65685,51.16913],[11.66242,51.16669],[11.66146,51.16837],[11.66445,51.16857],[11.66441,51.17138],[11.6743,51.17462],[11.67475,51.17788],[11.68406,51.1785],[11.6853,51.17325],[11.68941,51.17287],[11.68972,51.17151],[11.69929,51.1727],[11.69975,51.17024],[11.7106,51.17071],[11.71828,51.17521],[11.71979,51.17395],[11.72417,51.17421],[11.73735,51.16289],[11.74065,51.15606],[11.73818,51.15571],[11.73737,51.15332],[11.72555,51.15336],[11.72389,51.15269],[11.72514,51.15166],[11.71883,51.15031],[11.70103,51.14237],[11.69066,51.15229],[11.6802,51.15377],[11.67963,51.15579],[11.67517,51.1532],[11.67142,51.14755],[11.67318,51.14282],[11.67041,51.14423],[11.66784,51.14088],[11.66427,51.14065],[11.66758,51.13358],[11.65949,51.13409],[11.64759,51.13118],[11.65301,51.12088],[11.65582,51.11894],[11.66087,51.12059],[11.66328,51.1178],[11.65326,51.11285],[11.65428,51.11165]]],[[[11.44399,51.19833],[11.43977,51.19858],[11.43976,51.19988],[11.44758,51.19901],[11.4481,51.19627],[11.44575,51.19429],[11.44399,51.19833]]]]}},{"type":"Feature","properties":{"nr":33,"name":"Merseburg"},"geometry":{"type":"MultiPolygon","coordinates":[[[[12.02521,51.33224],[12.02548,51.32972],[12.02681,51.3258],[12.02801,51.32518],[12.03281,51.32646],[12.04198,51.32477],[12.03979,51.31409],[12.04294,51.31365],[12.04463,51.31529],[12.05237,51.31671],[12.05508,51.31613],[12.05007,51.31066],[12.04979,51.30014],[12.03713,51.29779],[12.03308,51.30023],[12.03034,51.29957],[12.02924,51.30198],[12.02508,51.30384],[11.99193,51.30015],[11.99257,51.29786],[11.97704,51.29608],[11.96883,51.26977],[11.94367,51.27132],[11.92559,51.27028],[11.92935,51.25492],[11.92681,51.25434],[11.92776,51.24645],[11.92331,51.24055],[11.92418,51.23562],[11.89339,51.23458],[11.89297,51.23846],[11.88928,51.23846],[11.88575,51.24442],[11.87295,51.24296],[11.8668,51.26296],[11.86324,51.2617],[11.86048,51.26962],[11.84729,51.26883],[11.8464,51.27285],[11.83764,51.27298],[11.83643,51.27472],[11.83529,51.27336],[11.82404,51.2715],[11.81723,51.27951],[11.82163,51.27872],[11.8189,51.28714],[11.83071,51.2884],[11.82888,51.29855],[11.83471,51.2979],[11.83732,51.30445],[11.83992,51.30651],[11.84326,51.30602],[11.84755,51.33282],[11.86354,51.33413],[11.8644,51.3364],[11.87039,51.33701],[11.87026,51.33936],[11.87335,51.33924],[11.87361,51.34143],[11.8802,51.341],[11.89984,51.34411],[11.89821,51.34748],[11.90129,51.34948],[11.91352,51.35126],[11.9127,51.35435],[11.93898,51.35796],[11.93832,51.35885],[11.94239,51.35971],[11.94048,51.36576],[11.95484,51.37001],[11.94948,51.372],[11.95299,51.37296],[11.95096,51.3762],[11.95419,51.37795],[11.96176,51.3781],[11.99404,51.38554],[11.99532,51.39017],[11.99794,51.3879],[11.99898,51.38934],[12.00081,51.3882],[12.00542,51.38874],[12.00338,51.38597],[12.00654,51.38427],[12.012,51.38653],[12.01344,51.38244],[12.01737,51.3844],[12.01893,51.3821],[12.02474,51.38287],[12.02042,51.38163],[12.01969,51.37899],[12.02384,51.37909],[12.02219,51.37727],[12.03113,51.37564],[12.03245,51.37054],[12.0374,51.37029],[12.03646,51.36007],[12.03927,51.35611],[12.03347,51.35467],[12.03859,51.3478],[12.03478,51.34772],[12.03633,51.34595],[12.03144,51.34581],[12.03446,51.34175],[12.03073,51.34182],[12.03169,51.33906],[12.02782,51.3396],[12.02647,51.33673],[12.02199,51.33548],[12.02316,51.33411],[12.02707,51.33517],[12.02717,51.33312],[12.02515,51.33265],[12.02518,51.33248],[12.02521,51.33224]]]]}},{"type":"Feature","properties":{"nr":34,"name":"Bad Dürrenberg-Saalekreis"},"geometry":{"type":"MultiPolygon","coordinates":[[[[12.02524,51.33202],[12.0252,51.33228],[12.02524,51.33202],[12.02524,51.33202]]],[[[12.02524,51.33202],[12.02524,51.33202],[12.02526,51.3319],[12.02524,51.33202]]],[[[12.02548,51.32972],[12.02518,51.33248],[12.02515,51.33265],[12.02717,51.33312],[12.02707,51.33517],[12.02316,51.33411],[12.02199,51.33548],[12.02647,51.33673],[12.02782,51.3396],[12.03169,51.33906],[12.03073,51.34182],[12.03446,51.34175],[12.03144,51.34581],[12.03633,51.34595],[12.03478,51.34772],[12.03859,51.3478],[12.03347,51.35467],[12.03927,51.35611],[12.03646,51.36007],[12.0374,51.37029],[12.03245,51.37054],[12.03113,51.37564],[12.02219,51.37727],[12.02384,51.37909],[12.01969,51.37899],[12.02042,51.38163],[12.02474,51.38287],[12.01893,51.3821],[12.01737,51.3844],[12.01344,51.38244],[12.012,51.38653],[12.00654,51.38427],[12.00338,51.38597],[12.00542,51.38874],[12.00081,51.3882],[11.99898,51.38934],[11.99794,51.3879],[11.99532,51.39017],[11.99404,51.38554],[11.96176,51.3781],[11.95419,51.37795],[11.95096,51.3762],[11.95299,51.37296],[11.94948,51.372],[11.95462,51.3698],[11.94048,51.36576],[11.94239,51.35971],[11.93832,51.35885],[11.93898,51.35796],[11.91992,51.3555],[11.91637,51.36656],[11.91198,51.37358],[11.90919,51.37394],[11.91009,51.37613],[11.90572,51.37545],[11.90405,51.382],[11.91231,51.38585],[11.90727,51.39283],[11.90785,51.40176],[11.93057,51.43872],[11.95222,51.43306],[11.95168,51.42703],[11.95464,51.41917],[11.94898,51.41779],[11.94819,51.41968],[11.9515,51.42274],[11.9468,51.42471],[11.94369,51.42357],[11.9444,51.42016],[11.94136,51.41732],[11.94471,51.41507],[11.95155,51.41659],[11.95356,51.41571],[11.95468,51.41345],[11.9505,51.4098],[11.95267,51.40742],[11.9678,51.40939],[11.97641,51.40714],[11.97806,51.40435],[11.97916,51.40504],[11.98277,51.40275],[11.98588,51.40425],[11.98275,51.40532],[11.9829,51.4074],[11.99044,51.40548],[12.00525,51.40831],[12.00643,51.4021],[12.01149,51.40357],[12.01088,51.40445],[12.01443,51.4051],[12.01328,51.40796],[12.0191,51.40893],[12.01221,51.41339],[12.00891,51.41349],[12.01017,51.41528],[12.01242,51.41501],[12.01126,51.4168],[12.02034,51.41875],[12.02863,51.42829],[12.02372,51.4348],[12.02457,51.43742],[12.03292,51.43738],[12.03138,51.44411],[12.03301,51.44634],[12.03899,51.4476],[12.04118,51.44998],[12.04116,51.45789],[12.05639,51.46008],[12.05626,51.46424],[12.0531,51.46469],[12.05291,51.47615],[12.07094,51.4748],[12.07189,51.4762],[12.07843,51.4749],[12.08273,51.47823],[12.0764,51.47929],[12.07182,51.48316],[12.07237,51.4866],[12.08699,51.48497],[12.0877,51.48626],[12.08922,51.49162],[12.08202,51.49207],[12.082,51.49795],[12.07222,51.49536],[12.07229,51.49758],[12.06836,51.49676],[12.07001,51.49268],[12.04463,51.494],[12.0466,51.49593],[12.03429,51.49725],[12.03383,51.50287],[12.02293,51.50305],[12.02901,51.50556],[12.02969,51.50973],[12.02688,51.51089],[12.02649,51.5154],[12.0228,51.51615],[12.02558,51.52627],[12.01266,51.52617],[12.00983,51.52829],[12.0176,51.53997],[12.01268,51.54131],[12.01055,51.5383],[12.00426,51.53879],[12.00062,51.54351],[11.99067,51.54006],[11.99302,51.54795],[11.99184,51.55821],[11.99707,51.55881],[11.99825,51.55699],[11.99782,51.56525],[12.00246,51.56555],[12.0058,51.57711],[12.01218,51.57929],[12.02672,51.58082],[12.03011,51.58464],[12.02955,51.59073],[12.03133,51.59117],[12.03983,51.58976],[12.04607,51.5844],[12.06315,51.58457],[12.12193,51.58013],[12.16416,51.58118],[12.1658,51.56457],[12.16663,51.56235],[12.16983,51.5625],[12.16939,51.54975],[12.18719,51.53505],[12.19669,51.53476],[12.19729,51.5318],[12.19361,51.53126],[12.19446,51.52542],[12.19112,51.52501],[12.1911,51.51992],[12.19548,51.5175],[12.19381,51.50836],[12.1908,51.50788],[12.19128,51.50591],[12.19775,51.50573],[12.19832,51.5017],[12.20786,51.50241],[12.20747,51.49767],[12.20468,51.49773],[12.20517,51.49085],[12.20111,51.49018],[12.2032,51.48521],[12.17573,51.48215],[12.17566,51.46973],[12.1733,51.4696],[12.17325,51.46817],[12.16336,51.46739],[12.16304,51.46577],[12.15547,51.46502],[12.15318,51.46293],[12.14887,51.46313],[12.14852,51.45938],[12.15288,51.45746],[12.15323,51.45226],[12.15819,51.45209],[12.15827,51.44531],[12.15431,51.44544],[12.15429,51.44349],[12.15791,51.44304],[12.15728,51.43464],[12.18462,51.43036],[12.18586,51.42077],[12.19425,51.42123],[12.18972,51.41358],[12.18291,51.41418],[12.1832,51.41062],[12.17369,51.41017],[12.17796,51.40382],[12.17792,51.40071],[12.17448,51.40126],[12.17744,51.39049],[12.18234,51.39041],[12.18261,51.38909],[12.18069,51.3864],[12.17253,51.38468],[12.17354,51.38272],[12.17601,51.38363],[12.17865,51.381],[12.17484,51.37933],[12.1778,51.37744],[12.17564,51.37543],[12.18099,51.37556],[12.18304,51.3787],[12.18656,51.37766],[12.18865,51.37913],[12.19062,51.37756],[12.18947,51.37489],[12.18656,51.3755],[12.1857,51.37321],[12.18365,51.3741],[12.18447,51.37138],[12.18214,51.36853],[12.18779,51.36455],[12.19168,51.36448],[12.19044,51.3609],[12.19609,51.36043],[12.19553,51.35441],[12.19051,51.35426],[12.18893,51.34731],[12.19139,51.34713],[12.19339,51.34309],[12.19444,51.33051],[12.16702,51.32674],[12.16492,51.32547],[12.16659,51.32087],[12.14754,51.31994],[12.15811,51.30161],[12.15539,51.30127],[12.15735,51.29234],[12.16886,51.29369],[12.16978,51.28568],[12.1722,51.28569],[12.17174,51.27609],[12.14766,51.27874],[12.14621,51.27548],[12.14046,51.2754],[12.14481,51.27021],[12.1331,51.26865],[12.11383,51.26854],[12.11228,51.26094],[12.09423,51.26081],[12.07696,51.25743],[12.07575,51.24914],[12.05154,51.25338],[12.05416,51.25917],[12.04605,51.26189],[12.0456,51.26305],[12.05767,51.26737],[12.06057,51.27042],[12.05331,51.27147],[12.05316,51.27527],[12.04787,51.27806],[12.05004,51.28068],[12.05554,51.28232],[12.0573,51.28517],[12.06184,51.28593],[12.06054,51.28825],[12.05635,51.2888],[12.05401,51.28609],[12.03543,51.28526],[12.00027,51.27741],[11.99986,51.28201],[11.98855,51.28085],[11.98955,51.27858],[11.9839,51.27775],[11.98433,51.27392],[11.98007,51.27359],[11.98018,51.27549],[11.96998,51.27545],[11.97656,51.29023],[11.97704,51.29608],[11.99257,51.29786],[11.99193,51.30015],[12.02508,51.30384],[12.02924,51.30198],[12.03034,51.29957],[12.03308,51.30023],[12.03713,51.29779],[12.04979,51.30014],[12.05007,51.31066],[12.05508,51.31613],[12.05237,51.31671],[12.04463,51.31529],[12.04294,51.31365],[12.03979,51.31409],[12.04198,51.32477],[12.03281,51.32646],[12.02801,51.32518],[12.02681,51.3258],[12.02548,51.32972]]]]}},{"type":"Feature","properties":{"nr":35,"name":"Halle I"},"geometry":{"type":"MultiPolygon","coordinates":[[[[11.91887,51.46127],[11.91234,51.46494],[11.88776,51.46334],[11.88673,51.47182],[11.8839,51.47136],[11.88289,51.47381],[11.87211,51.47472],[11.87403,51.47746],[11.86808,51.47835],[11.86558,51.48311],[11.86443,51.48702],[11.87148,51.48749],[11.86383,51.48889],[11.86327,51.49263],[11.87929,51.49201],[11.87541,51.49777],[11.86812,51.50195],[11.85526,51.51446],[11.86937,51.51608],[11.87574,51.51951],[11.87273,51.52289],[11.87593,51.52304],[11.87657,51.53082],[11.87955,51.53033],[11.88098,51.53503],[11.89412,51.53536],[11.90047,51.5338],[11.90934,51.52995],[11.9152,51.52431],[11.92202,51.52582],[11.92299,51.52904],[11.92778,51.53054],[11.92753,51.52602],[11.93157,51.5243],[11.92675,51.51726],[11.92788,51.51494],[11.92089,51.51344],[11.9326,51.50064],[11.92965,51.50085],[11.9249,51.4982],[11.91693,51.49772],[11.91483,51.49243],[11.92086,51.48755],[11.92549,51.48715],[11.93345,51.48738],[11.94391,51.49133],[11.94838,51.4806],[11.92878,51.46559],[11.91887,51.46127]]]]}},{"type":"Feature","properties":{"nr":36,"name":"Halle II"},"geometry":{"type":"MultiPolygon","coordinates":[[[[11.91887,51.46127],[11.92878,51.46559],[11.94838,51.4806],[11.94391,51.49133],[11.93345,51.48738],[11.92549,51.48715],[11.92086,51.48755],[11.91483,51.49243],[11.91693,51.49772],[11.9249,51.4982],[11.92965,51.50085],[11.9326,51.50064],[11.92089,51.51344],[11.92788,51.51494],[11.92675,51.51726],[11.93157,51.5243],[11.92753,51.52602],[11.92778,51.53054],[11.93568,51.52865],[11.94398,51.53275],[11.94718,51.53201],[11.94541,51.52937],[11.9501,51.52641],[11.95347,51.53073],[11.9536,51.53625],[11.95733,51.53662],[11.96738,51.50673],[11.95633,51.50689],[11.94889,51.50282],[11.94881,51.49915],[11.95087,51.49675],[11.95477,51.49578],[11.9577,51.48835],[11.95625,51.4874],[11.96038,51.48485],[11.95993,51.48034],[11.96963,51.47856],[11.98267,51.47861],[11.9954,51.46831],[11.99367,51.46809],[11.99357,51.46561],[11.98957,51.46546],[11.98766,51.4625],[11.97065,51.46284],[11.97197,51.45681],[11.96177,51.45673],[11.96065,51.45433],[11.94983,51.45555],[11.95115,51.45824],[11.94735,51.4594],[11.95148,51.46276],[11.94947,51.46342],[11.95143,51.46574],[11.94859,51.46473],[11.94723,51.46768],[11.94444,51.46732],[11.93784,51.46136],[11.94063,51.45612],[11.93573,51.45168],[11.93018,51.4523],[11.92609,51.45703],[11.92413,51.45644],[11.92341,51.46127],[11.91887,51.46127]]]]}},{"type":"Feature","properties":{"nr":37,"name":"Halle III"},"geometry":{"type":"MultiPolygon","coordinates":[[[[11.99039,51.54047],[12.00062,51.54351],[12.00426,51.53879],[12.01055,51.5383],[12.01268,51.54131],[12.0176,51.53997],[12.00983,51.52829],[12.01266,51.52617],[12.02558,51.52627],[12.0228,51.51615],[12.02649,51.5154],[12.02688,51.51089],[12.02969,51.50973],[12.02901,51.50556],[12.01923,51.50269],[12.01716,51.49328],[12.019,51.48356],[12.00262,51.48359],[12.00646,51.46752],[12.0113,51.4652],[12.01328,51.45934],[12.00898,51.46058],[11.99846,51.46804],[11.9954,51.46831],[11.98267,51.47861],[11.96963,51.47856],[11.95993,51.48034],[11.96038,51.48485],[11.95625,51.4874],[11.9577,51.48835],[11.95477,51.49578],[11.95087,51.49675],[11.94804,51.50059],[11.94889,51.50282],[11.95633,51.50689],[11.96738,51.50673],[11.95733,51.53662],[11.96152,51.53903],[11.99039,51.54047]]]]}},{"type":"Feature","properties":{"nr":38,"name":"Halle IV"},"geometry":{"type":"MultiPolygon","coordinates":[[[[12.01116,51.41298],[12.01079,51.41284],[12.01024,51.41281],[12.01116,51.41298]]],[[[12.01116,51.41298],[12.01079,51.41284],[12.01024,51.41281],[12.01116,51.41298]]],[[[12.01024,51.41281],[12.01182,51.41341],[12.01221,51.41339],[12.0191,51.40893],[12.01328,51.40796],[12.01443,51.4051],[12.00643,51.4021],[12.00525,51.40831],[11.99044,51.40548],[11.9829,51.4074],[11.98275,51.40532],[11.98588,51.40425],[11.98277,51.40275],[11.97916,51.40504],[11.97806,51.40435],[11.97641,51.40714],[11.9678,51.40939],[11.96263,51.40959],[11.95374,51.40704],[11.9505,51.4098],[11.95468,51.41345],[11.95356,51.41571],[11.95155,51.41659],[11.94471,51.41507],[11.94136,51.41732],[11.9444,51.42016],[11.94369,51.42357],[11.9468,51.42471],[11.9515,51.42274],[11.94819,51.41968],[11.94898,51.41779],[11.95464,51.41917],[11.95152,51.4339],[11.92835,51.43961],[11.92118,51.43942],[11.91564,51.44226],[11.91515,51.44598],[11.92161,51.4498],[11.9291,51.45022],[11.93018,51.4523],[11.93573,51.45168],[11.9379,51.45293],[11.94063,51.45612],[11.93784,51.46136],[11.94644,51.46779],[11.94859,51.46473],[11.95143,51.46574],[11.94947,51.46342],[11.95148,51.46276],[11.94735,51.4594],[11.95115,51.45824],[11.94983,51.45555],[11.95488,51.45474],[11.96065,51.45433],[11.96177,51.45673],[11.97197,51.45681],[11.97065,51.46284],[11.98766,51.4625],[11.98957,51.46546],[11.99357,51.46561],[11.99367,51.46809],[11.9954,51.46831],[11.99846,51.46804],[12.00898,51.46058],[12.01328,51.45934],[12.0113,51.4652],[12.00646,51.46752],[12.00262,51.48359],[12.019,51.48356],[12.01716,51.49328],[12.01923,51.50269],[12.03383,51.50287],[12.03429,51.49725],[12.0466,51.49593],[12.04463,51.494],[12.07001,51.49268],[12.06836,51.49676],[12.07229,51.49758],[12.07222,51.49536],[12.082,51.49795],[12.08202,51.49207],[12.08922,51.49162],[12.08699,51.48497],[12.07237,51.4866],[12.07182,51.48316],[12.0764,51.47929],[12.08273,51.47823],[12.08209,51.47739],[12.07843,51.4749],[12.07189,51.4762],[12.07094,51.4748],[12.05291,51.47615],[12.0531,51.46469],[12.05626,51.46424],[12.05639,51.46008],[12.04116,51.45789],[12.04118,51.44998],[12.03899,51.4476],[12.03301,51.44634],[12.03138,51.44411],[12.03292,51.43738],[12.02457,51.43742],[12.02372,51.4348],[12.02863,51.42829],[12.02034,51.41875],[12.01126,51.4168],[12.01242,51.41501],[12.01017,51.41528],[12.00867,51.41307],[12.01024,51.41281]]],[[[12.01182,51.41341],[12.01116,51.41298],[12.01168,51.41337],[12.01182,51.41341]]],[[[12.01182,51.41341],[12.01181,51.41341],[12.01187,51.41342],[12.01182,51.41341]]]]}},{"type":"Feature","properties":{"nr":39,"name":"Weißenfels"},"geometry":{"type":"MultiPolygon","coordinates":[[[[12.17168,51.27602],[12.16881,51.26996],[12.16551,51.26809],[12.166,51.26595],[12.17334,51.26602],[12.17332,51.25812],[12.18924,51.2576],[12.19381,51.24054],[12.19533,51.23829],[12.19947,51.23846],[12.19709,51.23785],[12.19799,51.23626],[12.19217,51.23571],[12.19704,51.21829],[12.19778,51.21675],[12.20342,51.21672],[12.2048,51.21413],[12.20113,51.21339],[12.18944,51.20391],[12.19173,51.19569],[12.18553,51.19441],[12.18715,51.19141],[12.18062,51.19003],[12.17903,51.19405],[12.1696,51.19364],[12.16592,51.19564],[12.16571,51.19779],[12.15835,51.19878],[12.15788,51.19131],[12.1683,51.1899],[12.16818,51.18721],[12.15391,51.18629],[12.13827,51.18264],[12.1363,51.182],[12.14058,51.18002],[12.11987,51.17366],[12.11726,51.17936],[12.11227,51.17652],[12.11103,51.17839],[12.10182,51.17684],[12.09684,51.18684],[12.10519,51.18869],[12.10278,51.19324],[12.09682,51.19207],[12.0932,51.19627],[12.09572,51.20532],[12.08309,51.20489],[12.04822,51.19781],[12.05074,51.19267],[12.04013,51.18904],[12.0408,51.18642],[12.03482,51.1856],[12.03538,51.18229],[12.02631,51.18055],[12.02787,51.17732],[12.02348,51.17666],[12.02522,51.17182],[12.01574,51.16691],[12.01651,51.16591],[12.03553,51.16486],[12.04023,51.15954],[12.04394,51.16073],[12.04704,51.15734],[12.05577,51.16013],[12.05334,51.15834],[12.05638,51.15847],[12.0581,51.156],[12.05698,51.15067],[12.04781,51.14982],[12.04788,51.14788],[12.04419,51.14771],[12.04125,51.14274],[12.05588,51.12956],[12.05674,51.12721],[12.05121,51.12512],[12.05349,51.12144],[12.06608,51.12406],[12.06844,51.12244],[12.06498,51.12933],[12.07427,51.13091],[12.07353,51.13576],[12.09306,51.1332],[12.10607,51.13411],[12.10789,51.12513],[12.10064,51.12356],[12.10298,51.10567],[12.09681,51.10213],[12.08371,51.09946],[12.08405,51.09715],[12.07534,51.09538],[12.07666,51.09288],[12.05795,51.09267],[12.05548,51.08742],[12.04964,51.08751],[12.04593,51.08224],[12.03965,51.08185],[12.03676,51.08407],[12.03755,51.08542],[12.03274,51.08578],[12.0309,51.08878],[12.02646,51.08973],[12.02652,51.09127],[12.02188,51.08993],[12.01737,51.09058],[12.00622,51.0864],[12.00278,51.08612],[12.0008,51.08853],[11.99828,51.08706],[11.99747,51.08822],[11.9924,51.08684],[11.98724,51.09517],[11.98805,51.09935],[11.98429,51.10619],[11.96864,51.09732],[11.96646,51.09683],[11.96228,51.09978],[11.96061,51.09854],[11.95868,51.10014],[11.95099,51.10874],[11.95177,51.12381],[11.94962,51.12566],[11.9477,51.12472],[11.94705,51.1296],[11.92765,51.12701],[11.92822,51.12273],[11.90969,51.12077],[11.90661,51.12416],[11.91147,51.12855],[11.91368,51.1286],[11.91337,51.13276],[11.89062,51.13431],[11.89377,51.14211],[11.88216,51.14109],[11.88616,51.14619],[11.89988,51.14892],[11.90771,51.15823],[11.91817,51.16074],[11.918,51.16178],[11.91713,51.1635],[11.90539,51.16335],[11.90232,51.16767],[11.90273,51.17275],[11.89155,51.17547],[11.8871,51.18519],[11.8841,51.18507],[11.8833,51.18717],[11.88771,51.18843],[11.8917,51.18758],[11.88734,51.20222],[11.89412,51.20374],[11.88906,51.21427],[11.89005,51.21947],[11.88107,51.21987],[11.88085,51.23249],[11.87264,51.23082],[11.86987,51.23891],[11.86286,51.2371],[11.85872,51.23877],[11.8749,51.24339],[11.88575,51.24442],[11.88928,51.23846],[11.89297,51.23846],[11.89339,51.23458],[11.92418,51.23562],[11.92331,51.24055],[11.92776,51.24645],[11.92681,51.25434],[11.92935,51.25492],[11.92559,51.27028],[11.94367,51.27132],[11.96883,51.26977],[11.96998,51.27545],[11.98018,51.27549],[11.98007,51.27359],[11.98433,51.27392],[11.9839,51.27775],[11.98955,51.27858],[11.98855,51.28085],[11.99986,51.28201],[12.00027,51.27741],[12.00292,51.27769],[12.03543,51.28526],[12.05401,51.28609],[12.05828,51.28881],[12.06212,51.28732],[12.06184,51.28593],[12.0573,51.28517],[12.05554,51.28232],[12.05004,51.28068],[12.04787,51.27806],[12.05316,51.27527],[12.05331,51.27147],[12.06057,51.27042],[12.05767,51.26737],[12.0456,51.26305],[12.04605,51.26189],[12.05416,51.25917],[12.05154,51.25338],[12.07575,51.24914],[12.07696,51.25743],[12.09423,51.26081],[12.11228,51.26094],[12.11383,51.26854],[12.1331,51.26865],[12.14481,51.27021],[12.14046,51.2754],[12.14621,51.27548],[12.14766,51.27874],[12.17168,51.27602]]]]}},{"type":"Feature","properties":{"nr":40,"name":"Naumburg"},"geometry":{"type":"MultiPolygon","coordinates":[[[[11.65176,51.10942],[11.65428,51.11165],[11.65326,51.11285],[11.66328,51.1178],[11.66087,51.12059],[11.65582,51.11894],[11.65301,51.12088],[11.64759,51.13118],[11.65949,51.13409],[11.66758,51.13358],[11.66427,51.14065],[11.66784,51.14088],[11.67041,51.14423],[11.67318,51.14282],[11.67142,51.14755],[11.67517,51.1532],[11.67963,51.15579],[11.6802,51.15377],[11.69066,51.15229],[11.70103,51.14237],[11.71883,51.15031],[11.72514,51.15166],[11.72389,51.15269],[11.72555,51.15336],[11.73737,51.15332],[11.73818,51.15571],[11.74065,51.15606],[11.73735,51.16289],[11.72417,51.17421],[11.71979,51.17395],[11.71828,51.17521],[11.7106,51.17071],[11.69975,51.17024],[11.69929,51.1727],[11.68972,51.17151],[11.68941,51.17287],[11.6853,51.17325],[11.68406,51.1785],[11.67475,51.17788],[11.6743,51.17462],[11.66441,51.17138],[11.66445,51.16857],[11.66146,51.16837],[11.66242,51.16669],[11.65685,51.16913],[11.64707,51.16605],[11.64611,51.17194],[11.61498,51.1711],[11.61182,51.17207],[11.61003,51.17473],[11.60593,51.17572],[11.60985,51.18118],[11.61244,51.19186],[11.62165,51.19197],[11.63776,51.19547],[11.63655,51.19693],[11.6415,51.20293],[11.64494,51.20442],[11.64289,51.20656],[11.6405,51.20606],[11.64189,51.20833],[11.63588,51.20648],[11.63446,51.21074],[11.64297,51.21776],[11.64358,51.22166],[11.64842,51.22415],[11.64721,51.22574],[11.63954,51.22397],[11.62289,51.22651],[11.62402,51.23037],[11.6176,51.23216],[11.6203,51.23532],[11.61679,51.2399],[11.60841,51.23923],[11.60812,51.24124],[11.59968,51.24103],[11.60248,51.24378],[11.5966,51.2479],[11.60052,51.25119],[11.59816,51.25328],[11.59909,51.25485],[11.59562,51.25554],[11.59622,51.25683],[11.58931,51.2553],[11.5844,51.25817],[11.58036,51.25836],[11.58108,51.26026],[11.57928,51.26107],[11.56421,51.25946],[11.55964,51.26083],[11.55018,51.25996],[11.55055,51.25764],[11.53921,51.25281],[11.53946,51.25101],[11.53245,51.25087],[11.52331,51.26319],[11.52786,51.26396],[11.53111,51.26846],[11.52499,51.27462],[11.51836,51.27629],[11.522,51.28139],[11.52152,51.28474],[11.52697,51.28637],[11.53022,51.28362],[11.54063,51.28151],[11.54248,51.27865],[11.54988,51.27467],[11.55384,51.27479],[11.56076,51.2777],[11.56066,51.28087],[11.56491,51.28097],[11.56813,51.2843],[11.56744,51.28785],[11.5728,51.28992],[11.56745,51.29381],[11.56672,51.29731],[11.58125,51.30079],[11.58208,51.30636],[11.59752,51.30241],[11.60547,51.31561],[11.6136,51.31653],[11.61451,51.32021],[11.61653,51.32032],[11.61954,51.31593],[11.62318,51.31992],[11.63521,51.31418],[11.62948,51.30598],[11.6377,51.30312],[11.63729,51.30157],[11.64304,51.29881],[11.63929,51.29115],[11.64654,51.29592],[11.64968,51.29611],[11.65002,51.29223],[11.65857,51.29017],[11.6629,51.28611],[11.66125,51.28417],[11.66336,51.28305],[11.66786,51.28565],[11.66779,51.29023],[11.67523,51.29244],[11.67749,51.29131],[11.66964,51.28779],[11.67059,51.2802],[11.67264,51.28081],[11.67622,51.27921],[11.67738,51.27636],[11.68821,51.27695],[11.70112,51.26695],[11.71074,51.27148],[11.75994,51.28384],[11.76431,51.28106],[11.76234,51.27925],[11.76539,51.27832],[11.767,51.27396],[11.77061,51.27524],[11.77757,51.2701],[11.78084,51.2692],[11.78259,51.27045],[11.78616,51.26743],[11.78433,51.26012],[11.79118,51.25642],[11.78455,51.25275],[11.78628,51.24748],[11.79412,51.24738],[11.79989,51.25044],[11.80226,51.24623],[11.80903,51.24649],[11.80943,51.24537],[11.81928,51.24941],[11.82279,51.24658],[11.82298,51.24033],[11.82538,51.23773],[11.83828,51.24715],[11.84851,51.23596],[11.86987,51.23891],[11.87264,51.23082],[11.88085,51.23249],[11.88107,51.21987],[11.89005,51.21947],[11.88906,51.21427],[11.89412,51.20374],[11.88734,51.20222],[11.8917,51.18758],[11.88771,51.18843],[11.8833,51.18717],[11.8841,51.18507],[11.8871,51.18519],[11.89155,51.17547],[11.90273,51.17275],[11.90232,51.16767],[11.90539,51.16335],[11.91713,51.1635],[11.91817,51.16074],[11.90771,51.15823],[11.89988,51.14892],[11.88616,51.14619],[11.88216,51.14109],[11.89377,51.14211],[11.89062,51.13431],[11.91337,51.13276],[11.91368,51.1286],[11.91147,51.12855],[11.90661,51.12416],[11.90969,51.12077],[11.92822,51.12273],[11.92765,51.12701],[11.94705,51.1296],[11.9477,51.12472],[11.94962,51.12566],[11.95177,51.12381],[11.95099,51.10874],[11.96061,51.09854],[11.96228,51.09978],[11.96646,51.09683],[11.96864,51.09732],[11.98429,51.10619],[11.98805,51.09935],[11.98724,51.09517],[11.9924,51.08684],[11.99747,51.08822],[11.99828,51.08706],[12.0008,51.08853],[12.00278,51.08612],[12.01126,51.08764],[12.02216,51.07485],[12.02753,51.06369],[12.01234,51.05497],[12.00316,51.05369],[12.0041,51.04784],[11.99525,51.04722],[11.98652,51.04907],[11.96685,51.04744],[11.96426,51.04417],[11.9675,51.0429],[11.96997,51.03508],[11.95451,51.03388],[11.95056,51.02735],[11.94311,51.03255],[11.93693,51.02961],[11.93359,51.03066],[11.92766,51.02752],[11.92141,51.02632],[11.91183,51.02835],[11.91118,51.0295],[11.91465,51.03146],[11.91304,51.03605],[11.91556,51.03752],[11.91024,51.04099],[11.9109,51.04475],[11.90824,51.04558],[11.90538,51.04439],[11.90356,51.0464],[11.90358,51.04411],[11.89907,51.04588],[11.89725,51.045],[11.89442,51.04865],[11.89659,51.05051],[11.89056,51.05332],[11.88984,51.05532],[11.87798,51.05746],[11.87175,51.05611],[11.86784,51.05429],[11.86888,51.05253],[11.86312,51.05118],[11.86007,51.05461],[11.8522,51.05179],[11.84743,51.05296],[11.83108,51.0518],[11.81389,51.04707],[11.80455,51.04602],[11.80328,51.04852],[11.79879,51.04825],[11.79758,51.05042],[11.7867,51.05015],[11.78686,51.05264],[11.7743,51.05315],[11.77064,51.0494],[11.77213,51.04509],[11.75973,51.04285],[11.76003,51.04775],[11.75205,51.0486],[11.75146,51.05179],[11.74623,51.05188],[11.74553,51.054],[11.74848,51.05398],[11.75349,51.05711],[11.75254,51.05825],[11.7398,51.06275],[11.73755,51.0623],[11.73235,51.06841],[11.72361,51.06808],[11.72083,51.07089],[11.71302,51.07037],[11.7089,51.068],[11.70083,51.06941],[11.70198,51.07372],[11.69954,51.07653],[11.70143,51.07844],[11.6972,51.08432],[11.70164,51.08491],[11.70139,51.08596],[11.6993,51.0858],[11.69902,51.0878],[11.69631,51.08746],[11.69522,51.08966],[11.6971,51.09121],[11.69197,51.09589],[11.69244,51.09981],[11.68889,51.10066],[11.68919,51.09865],[11.67525,51.1042],[11.67124,51.10251],[11.66583,51.10816],[11.66797,51.11027],[11.66221,51.10938],[11.66255,51.11114],[11.65176,51.10942]]]]}},{"type":"Feature","properties":{"nr":41,"name":"Zeitz"},"geometry":{"type":"MultiPolygon","coordinates":[[[[11.95056,51.02735],[11.95451,51.03388],[11.96997,51.03508],[11.9675,51.0429],[11.96426,51.04417],[11.96685,51.04744],[11.98652,51.04907],[11.99525,51.04722],[12.0041,51.04784],[12.00316,51.05369],[12.01234,51.05497],[12.02753,51.06369],[12.02216,51.07485],[12.01126,51.08764],[12.01404,51.08946],[12.02652,51.09127],[12.02646,51.08973],[12.0309,51.08878],[12.03274,51.08578],[12.03755,51.08542],[12.03676,51.08407],[12.03965,51.08185],[12.04593,51.08224],[12.04964,51.08751],[12.05548,51.08742],[12.05795,51.09267],[12.07666,51.09288],[12.07534,51.09538],[12.08405,51.09715],[12.08371,51.09946],[12.09681,51.10213],[12.10298,51.10567],[12.10064,51.12356],[12.10789,51.12513],[12.10607,51.13411],[12.09306,51.1332],[12.07353,51.13576],[12.07427,51.13091],[12.06498,51.12933],[12.06844,51.12244],[12.06608,51.12406],[12.05349,51.12144],[12.05121,51.12512],[12.05674,51.12721],[12.05588,51.12956],[12.04125,51.14274],[12.04419,51.14771],[12.04788,51.14788],[12.04781,51.14982],[12.05698,51.15067],[12.0581,51.156],[12.05638,51.15847],[12.05334,51.15834],[12.05577,51.16013],[12.04704,51.15734],[12.04394,51.16073],[12.04023,51.15954],[12.03553,51.16486],[12.01651,51.16591],[12.01574,51.16691],[12.02522,51.17182],[12.02348,51.17666],[12.02787,51.17732],[12.02631,51.18055],[12.03538,51.18229],[12.03482,51.1856],[12.0408,51.18642],[12.04013,51.18904],[12.05074,51.19267],[12.04822,51.19781],[12.08309,51.20489],[12.09572,51.20532],[12.0932,51.19627],[12.09682,51.19207],[12.10278,51.19324],[12.10519,51.18869],[12.09684,51.18684],[12.10182,51.17684],[12.11103,51.17839],[12.11227,51.17652],[12.11726,51.17936],[12.11987,51.17366],[12.14058,51.18002],[12.1363,51.182],[12.13827,51.18264],[12.15391,51.18629],[12.16818,51.18721],[12.1683,51.1899],[12.15788,51.19131],[12.15835,51.19878],[12.16571,51.19779],[12.16592,51.19564],[12.1696,51.19364],[12.17903,51.19405],[12.18062,51.19003],[12.17365,51.19011],[12.17487,51.18118],[12.1901,51.18504],[12.21326,51.1835],[12.21214,51.17906],[12.20839,51.17612],[12.21181,51.17523],[12.2115,51.17224],[12.20638,51.17095],[12.2024,51.16577],[12.202,51.16155],[12.1974,51.15958],[12.19636,51.14181],[12.23015,51.13655],[12.23038,51.13522],[12.24165,51.13047],[12.23735,51.12761],[12.23884,51.12619],[12.23666,51.12405],[12.2332,51.12306],[12.23129,51.12401],[12.22817,51.12005],[12.22503,51.12057],[12.22611,51.12217],[12.22051,51.12281],[12.22035,51.12095],[12.22315,51.12085],[12.22211,51.11907],[12.22453,51.11949],[12.2248,51.11459],[12.22224,51.11173],[12.22394,51.11085],[12.22138,51.10973],[12.23299,51.10401],[12.23182,51.10296],[12.24125,51.10289],[12.24399,51.10013],[12.25251,51.09947],[12.25312,51.09729],[12.26124,51.09791],[12.26176,51.10009],[12.27852,51.09929],[12.27856,51.09503],[12.28032,51.0959],[12.28281,51.09026],[12.28829,51.08825],[12.27809,51.08175],[12.27322,51.07493],[12.2661,51.07798],[12.26934,51.07174],[12.25838,51.06624],[12.26053,51.0621],[12.25966,51.05746],[12.26297,51.05401],[12.2605,51.05366],[12.26223,51.04955],[12.25636,51.04929],[12.25694,51.04536],[12.25065,51.04457],[12.2506,51.03827],[12.25285,51.0373],[12.25325,51.03901],[12.25574,51.039],[12.25552,51.03764],[12.26484,51.03757],[12.27321,51.04078],[12.28116,51.04049],[12.28272,51.03768],[12.28664,51.03824],[12.2894,51.03051],[12.29413,51.03145],[12.2945,51.03032],[12.2918,51.01874],[12.28183,51.01071],[12.2849,51.00743],[12.28088,51.00779],[12.2758,51.00445],[12.26507,50.99149],[12.23981,50.97511],[12.23617,50.96447],[12.23244,50.96136],[12.23943,50.96262],[12.24157,50.96126],[12.24202,50.95639],[12.23846,50.95158],[12.22921,50.94676],[12.22576,50.94255],[12.21435,50.93788],[12.21405,50.94368],[12.21042,50.94377],[12.21201,50.94763],[12.21047,50.94964],[12.21535,50.95327],[12.21317,50.95967],[12.20163,50.95619],[12.19834,50.957],[12.1824,50.97597],[12.16231,50.96596],[12.16609,50.95905],[12.16355,50.95859],[12.1585,50.96315],[12.1516,50.96423],[12.13193,50.96052],[12.13272,50.96565],[12.12745,50.96579],[12.10587,50.97328],[12.09461,50.97462],[12.09118,50.97661],[12.07337,50.97412],[12.05523,50.96843],[12.04669,50.9694],[12.03785,50.97277],[12.02324,50.96905],[12.01886,50.96981],[12.01408,50.96852],[12.01394,50.97],[12.01093,50.97004],[12.01059,50.97305],[12.01091,50.97468],[12.01724,50.97653],[12.01507,50.98381],[12.00867,50.98401],[12.00642,50.99106],[11.99933,50.98846],[11.99682,50.99307],[11.97426,50.99024],[11.9729,50.99438],[11.96984,50.99456],[11.96868,50.99912],[11.97639,51.00014],[11.97798,51.00192],[11.9787,51.00409],[11.97479,51.00983],[11.98013,51.01376],[11.97191,51.01843],[11.96932,51.01754],[11.9682,51.01983],[11.96479,51.01919],[11.96314,51.02195],[11.95925,51.02053],[11.95056,51.02735]]]]}}]}